,AMD,AMZN,BAC,GM,GOOG,INTC,MSFT,PFE,PYPL,VZ,XOM
0,2018-02-20,2018-01-26,2018-02-15,2018-01-30,2018-01-30,2018-02-09,2018-01-24,2018-02-15,2018-01-31,2018-02-16,2018-02-21
1,2018-02-21,2018-01-29,2018-02-16,2018-01-31,2018-01-31,2018-02-12,2018-01-25,2018-02-16,2018-02-01,2018-02-19,2018-02-22
2,2018-02-22,2018-01-30,2018-02-19,2018-02-01,2018-02-01,2018-02-13,2018-01-26,2018-02-19,2018-02-02,2018-02-20,2018-02-23
3,2018-02-23,2018-01-31,2018-02-20,2018-02-02,2018-02-02,2018-02-14,2018-01-29,2018-02-20,2018-02-05,2018-02-21,2018-02-26
4,2018-02-26,2018-02-01,2018-02-21,2018-02-05,2018-02-05,2018-02-15,2018-01-30,2018-02-21,2018-02-06,2018-02-22,2018-02-27
5,2018-02-27,2018-02-02,2018-02-22,2018-02-06,2018-02-06,2018-02-16,2018-01-31,2018-02-22,2018-02-07,2018-02-23,2018-02-28
6,2018-02-28,2018-02-05,2018-02-23,2018-02-07,2018-02-07,2018-02-19,2018-02-01,2018-02-23,2018-02-08,2018-02-26,2018-03-01
7,2018-03-01,2018-02-06,2018-02-26,2018-02-08,2018-02-08,2018-02-20,2018-02-02,2018-02-26,2018-02-09,2018-02-27,2018-03-02
8,2018-03-02,2018-02-07,2018-02-27,2018-02-09,2018-02-09,2018-02-21,2018-02-05,2018-02-27,2018-02-12,2018-02-28,2018-03-05
9,2018-03-05,2018-02-08,2018-02-28,2018-02-12,2018-02-12,2018-02-22,2018-02-06,2018-02-28,2018-02-13,2018-03-01,2018-03-06
10,2018-03-06,2018-02-09,2018-03-01,2018-02-13,2018-02-13,2018-02-23,2018-02-07,2018-03-01,2018-02-14,2018-03-02,2018-03-07
11,2018-04-26,2018-04-20,2018-04-23,2018-04-19,2018-04-17,2018-04-20,2018-04-19,2018-05-03,2018-04-19,2018-04-24,2018-04-26
12,2018-04-27,2018-04-23,2018-04-24,2018-04-20,2018-04-18,2018-04-23,2018-04-20,2018-05-04,2018-04-20,2018-04-25,2018-04-27
13,2018-04-30,2018-04-24,2018-04-25,2018-04-23,2018-04-19,2018-04-24,2018-04-23,2018-05-07,2018-04-23,2018-04-26,2018-04-30
14,2018-05-01,2018-04-25,2018-04-26,2018-04-24,2018-04-20,2018-04-25,2018-04-24,2018-05-08,2018-04-24,2018-04-27,2018-05-01
15,2018-05-02,2018-04-26,2018-04-27,2018-04-25,2018-04-23,2018-04-26,2018-04-25,2018-05-09,2018-04-25,2018-04-30,2018-05-02
16,2018-05-03,2018-04-27,2018-04-30,2018-04-26,2018-04-24,2018-04-27,2018-04-26,2018-05-10,2018-04-26,2018-05-01,2018-05-03
17,2018-05-04,2018-04-30,2018-05-01,2018-04-27,2018-04-25,2018-04-30,2018-04-27,2018-05-11,2018-04-27,2018-05-02,2018-05-04
18,2018-05-07,2018-05-01,2018-05-02,2018-04-30,2018-04-26,2018-05-01,2018-04-30,2018-05-14,2018-04-30,2018-05-03,2018-05-07
19,2018-05-08,2018-05-02,2018-05-03,2018-05-01,2018-04-27,2018-05-02,2018-05-01,2018-05-15,2018-05-01,2018-05-04,2018-05-08
20,2018-05-09,2018-05-03,2018-05-04,2018-05-02,2018-04-30,2018-05-03,2018-05-02,2018-05-16,2018-05-02,2018-05-07,2018-05-09
21,2018-05-10,2018-05-04,2018-05-07,2018-05-03,2018-05-01,2018-05-04,2018-05-03,2018-05-17,2018-05-03,2018-05-08,2018-05-10
22,2018-07-26,2018-07-20,2018-07-23,2018-07-18,2018-07-17,2018-07-20,2018-07-27,2018-08-02,2018-07-19,2018-07-24,2018-07-26
23,2018-07-27,2018-07-23,2018-07-24,2018-07-19,2018-07-18,2018-07-23,2018-07-30,2018-08-03,2018-07-20,2018-07-25,2018-07-27
24,2018-07-30,2018-07-24,2018-07-25,2018-07-20,2018-07-19,2018-07-24,2018-07-31,2018-08-06,2018-07-23,2018-07-26,2018-07-30
25,2018-07-31,2018-07-25,2018-07-26,2018-07-23,2018-07-20,2018-07-25,2018-08-01,2018-08-07,2018-07-24,2018-07-27,2018-07-31
26,2018-08-01,2018-07-26,2018-07-27,2018-07-24,2018-07-23,2018-07-26,2018-08-02,2018-08-08,2018-07-25,2018-07-30,2018-08-01
27,2018-08-02,2018-07-27,2018-07-30,2018-07-25,2018-07-24,2018-07-27,2018-08-03,2018-08-09,2018-07-26,2018-07-31,2018-08-02
28,2018-08-03,2018-07-30,2018-07-31,2018-07-26,2018-07-25,2018-07-30,2018-08-06,2018-08-10,2018-07-27,2018-08-01,2018-08-03
29,2018-08-06,2018-07-31,2018-08-01,2018-07-27,2018-07-26,2018-07-31,2018-08-07,2018-08-13,2018-07-30,2018-08-02,2018-08-06
30,2018-08-07,2018-08-01,2018-08-02,2018-07-30,2018-07-27,2018-08-01,2018-08-08,2018-08-14,2018-07-31,2018-08-03,2018-08-07
31,2018-08-08,2018-08-02,2018-08-03,2018-07-31,2018-07-30,2018-08-02,2018-08-09,2018-08-15,2018-08-01,2018-08-06,2018-08-08
32,2018-08-09,2018-08-03,2018-08-06,2018-08-01,2018-07-31,2018-08-03,2018-08-10,2018-08-16,2018-08-02,2018-08-07,2018-08-09
33,2018-10-24,2018-10-19,2018-10-22,2018-10-24,2018-10-19,2018-10-19,2018-10-17,2018-11-01,2018-10-16,2018-10-23,2018-10-31
34,2018-10-25,2018-10-22,2018-10-23,2018-10-25,2018-10-22,2018-10-22,2018-10-18,2018-11-02,2018-10-17,2018-10-24,2018-11-01
35,2018-10-26,2018-10-23,2018-10-24,2018-10-26,2018-10-23,2018-10-23,2018-10-19,2018-11-05,2018-10-18,2018-10-25,2018-11-02
36,2018-10-29,2018-10-24,2018-10-25,2018-10-29,2018-10-24,2018-10-24,2018-10-22,2018-11-06,2018-10-19,2018-10-26,2018-11-05
37,2018-10-30,2018-10-25,2018-10-26,2018-10-30,2018-10-25,2018-10-25,2018-10-23,2018-11-07,2018-10-22,2018-10-29,2018-11-06
38,2018-10-31,2018-10-26,2018-10-29,2018-10-31,2018-10-26,2018-10-26,2018-10-24,2018-11-08,2018-10-23,2018-10-30,2018-11-07
39,2018-11-01,2018-10-29,2018-10-30,2018-11-01,2018-10-29,2018-10-29,2018-10-25,2018-11-09,2018-10-24,2018-10-31,2018-11-08
40,2018-11-02,2018-10-30,2018-10-31,2018-11-02,2018-10-30,2018-10-30,2018-10-26,2018-11-12,2018-10-25,2018-11-01,2018-11-09
41,2018-11-05,2018-10-31,2018-11-01,2018-11-05,2018-10-31,2018-10-31,2018-10-29,2018-11-13,2018-10-26,2018-11-02,2018-11-12
42,2018-11-06,2018-11-01,2018-11-02,2018-11-06,2018-11-01,2018-11-01,2018-10-30,2018-11-14,2018-10-29,2018-11-05,2018-11-13
43,2018-11-07,2018-11-02,2018-11-05,2018-11-07,2018-11-02,2018-11-02,2018-10-31,2018-11-15,2018-10-30,2018-11-06,2018-11-14
44,2019-02-01,2019-01-25,2019-02-19,2019-01-30,2019-01-29,2019-01-25,2019-01-23,2019-02-21,2019-01-31,2019-02-08,2019-02-20
45,2019-02-04,2019-01-28,2019-02-20,2019-01-31,2019-01-30,2019-01-28,2019-01-24,2019-02-22,2019-02-01,2019-02-11,2019-02-21
46,2019-02-05,2019-01-29,2019-02-21,2019-02-01,2019-01-31,2019-01-29,2019-01-25,2019-02-25,2019-02-04,2019-02-12,2019-02-22
47,2019-02-06,2019-01-30,2019-02-22,2019-02-04,2019-02-01,2019-01-30,2019-01-28,2019-02-26,2019-02-05,2019-02-13,2019-02-25
48,2019-02-07,2019-01-31,2019-02-25,2019-02-05,2019-02-04,2019-01-31,2019-01-29,2019-02-27,2019-02-06,2019-02-14,2019-02-26
49,2019-02-08,2019-02-01,2019-02-26,2019-02-06,2019-02-05,2019-02-01,2019-01-30,2019-02-28,2019-02-07,2019-02-15,2019-02-27
50,2019-02-11,2019-02-04,2019-02-27,2019-02-07,2019-02-06,2019-02-04,2019-01-31,2019-03-01,2019-02-08,2019-02-18,2019-02-28
51,2019-02-12,2019-02-05,2019-02-28,2019-02-08,2019-02-07,2019-02-05,2019-02-01,2019-03-04,2019-02-11,2019-02-19,2019-03-01
52,2019-02-13,2019-02-06,2019-03-01,2019-02-11,2019-02-08,2019-02-06,2019-02-04,2019-03-05,2019-02-12,2019-02-20,2019-03-04
53,2019-02-14,2019-02-07,2019-03-04,2019-02-12,2019-02-11,2019-02-07,2019-02-05,2019-03-06,2019-02-13,2019-02-21,2019-03-05
54,2019-02-15,2019-02-08,2019-03-05,2019-02-13,2019-02-12,2019-02-08,2019-02-06,2019-03-07,2019-02-14,2019-02-22,2019-03-06
55,2019-04-24,2019-04-19,2019-04-19,2019-04-23,2019-04-23,2019-04-19,2019-04-17,2019-05-02,2019-04-18,2019-04-19,2019-04-25
56,2019-04-25,2019-04-22,2019-04-22,2019-04-24,2019-04-24,2019-04-22,2019-04-18,2019-05-03,2019-04-19,2019-04-22,2019-04-26
57,2019-04-26,2019-04-23,2019-04-23,2019-04-25,2019-04-25,2019-04-23,2019-04-19,2019-05-06,2019-04-22,2019-04-23,2019-04-29
58,2019-04-29,2019-04-24,2019-04-24,2019-04-26,2019-04-26,2019-04-24,2019-04-22,2019-05-07,2019-04-23,2019-04-24,2019-04-30
59,2019-04-30,2019-04-25,2019-04-25,2019-04-29,2019-04-29,2019-04-25,2019-04-23,2019-05-08,2019-04-24,2019-04-25,2019-05-01
60,2019-05-01,2019-04-26,2019-04-26,2019-04-30,2019-04-30,2019-04-26,2019-04-24,2019-05-09,2019-04-25,2019-04-26,2019-05-02
61,2019-05-02,2019-04-29,2019-04-29,2019-05-01,2019-05-01,2019-04-29,2019-04-25,2019-05-10,2019-04-26,2019-04-29,2019-05-03
62,2019-05-03,2019-04-30,2019-04-30,2019-05-02,2019-05-02,2019-04-30,2019-04-26,2019-05-13,2019-04-29,2019-04-30,2019-05-06
63,2019-05-06,2019-05-01,2019-05-01,2019-05-03,2019-05-03,2019-05-01,2019-04-29,2019-05-14,2019-04-30,2019-05-01,2019-05-07
64,2019-05-07,2019-05-02,2019-05-02,2019-05-06,2019-05-06,2019-05-02,2019-04-30,2019-05-15,2019-05-01,2019-05-02,2019-05-08
65,2019-05-08,2019-05-03,2019-05-03,2019-05-07,2019-05-07,2019-05-03,2019-05-01,2019-05-16,2019-05-02,2019-05-03,2019-05-09
66,2019-07-24,2019-07-19,2019-07-22,2019-07-25,2019-07-19,2019-07-19,2019-07-25,2019-08-01,2019-07-18,2019-08-01,2019-07-31
67,2019-07-25,2019-07-22,2019-07-23,2019-07-26,2019-07-22,2019-07-22,2019-07-26,2019-08-02,2019-07-19,2019-08-02,2019-08-01
68,2019-07-26,2019-07-23,2019-07-24,2019-07-29,2019-07-23,2019-07-23,2019-07-29,2019-08-05,2019-07-22,2019-08-05,2019-08-02
69,2019-07-29,2019-07-24,2019-07-25,2019-07-30,2019-07-24,2019-07-24,2019-07-30,2019-08-06,2019-07-23,2019-08-06,2019-08-05
70,2019-07-30,2019-07-25,2019-07-26,2019-07-31,2019-07-25,2019-07-25,2019-07-31,2019-08-07,2019-07-24,2019-08-07,2019-08-06
71,2019-07-31,2019-07-26,2019-07-29,2019-08-01,2019-07-26,2019-07-26,2019-08-01,2019-08-08,2019-07-25,2019-08-08,2019-08-07
72,2019-08-01,2019-07-29,2019-07-30,2019-08-02,2019-07-29,2019-07-29,2019-08-02,2019-08-09,2019-07-26,2019-08-09,2019-08-08
73,2019-08-02,2019-07-30,2019-07-31,2019-08-05,2019-07-30,2019-07-30,2019-08-05,2019-08-12,2019-07-29,2019-08-12,2019-08-09
74,2019-08-05,2019-07-31,2019-08-01,2019-08-06,2019-07-31,2019-07-31,2019-08-06,2019-08-13,2019-07-30,2019-08-13,2019-08-12
75,2019-08-06,2019-08-01,2019-08-02,2019-08-07,2019-08-01,2019-08-01,2019-08-07,2019-08-14,2019-07-31,2019-08-14,2019-08-13
76,2019-08-07,2019-08-02,2019-08-05,2019-08-08,2019-08-02,2019-08-02,2019-08-08,2019-08-15,2019-08-01,2019-08-15,2019-08-14
77,2019-10-23,2019-10-18,2019-10-21,2019-10-22,2019-10-22,2019-10-18,2019-10-16,2019-10-31,2019-10-17,2019-10-23,2019-10-30
78,2019-10-24,2019-10-21,2019-10-22,2019-10-23,2019-10-23,2019-10-21,2019-10-17,2019-11-01,2019-10-18,2019-10-24,2019-10-31
79,2019-10-25,2019-10-22,2019-10-23,2019-10-24,2019-10-24,2019-10-22,2019-10-18,2019-11-04,2019-10-21,2019-10-25,2019-11-01
80,2019-10-28,2019-10-23,2019-10-24,2019-10-25,2019-10-25,2019-10-23,2019-10-21,2019-11-05,2019-10-22,2019-10-28,2019-11-04
81,2019-10-29,2019-10-24,2019-10-25,2019-10-28,2019-10-28,2019-10-24,2019-10-22,2019-11-06,2019-10-23,2019-10-29,2019-11-05
82,2019-10-30,2019-10-25,2019-10-28,2019-10-29,2019-10-29,2019-10-25,2019-10-23,2019-11-07,2019-10-24,2019-10-30,2019-11-06
83,2019-10-31,2019-10-28,2019-10-29,2019-10-30,2019-10-30,2019-10-28,2019-10-24,2019-11-08,2019-10-25,2019-10-31,2019-11-07
84,2019-11-01,2019-10-29,2019-10-30,2019-10-31,2019-10-31,2019-10-29,2019-10-25,2019-11-11,2019-10-28,2019-11-01,2019-11-08
85,2019-11-04,2019-10-30,2019-10-31,2019-11-01,2019-11-01,2019-10-30,2019-10-28,2019-11-12,2019-10-29,2019-11-04,2019-11-11
86,2019-11-05,2019-10-31,2019-11-01,2019-11-04,2019-11-04,2019-10-31,2019-10-29,2019-11-13,2019-10-30,2019-11-05,2019-11-12
87,2019-11-06,2019-11-01,2019-11-04,2019-11-05,2019-11-05,2019-11-01,2019-10-30,2019-11-14,2019-10-31,2019-11-06,2019-11-13
88,2020-01-28,2020-01-24,2020-02-12,2020-01-29,2020-01-28,2020-01-17,2020-01-22,2020-02-20,2020-01-30,2020-02-14,2020-02-19
89,2020-01-29,2020-01-27,2020-02-13,2020-01-30,2020-01-29,2020-01-20,2020-01-23,2020-02-21,2020-01-31,2020-02-17,2020-02-20
90,2020-01-30,2020-01-28,2020-02-14,2020-01-31,2020-01-30,2020-01-21,2020-01-24,2020-02-24,2020-02-03,2020-02-18,2020-02-21
91,2020-01-31,2020-01-29,2020-02-17,2020-02-03,2020-01-31,2020-01-22,2020-01-27,2020-02-25,2020-02-04,2020-02-19,2020-02-24
92,2020-02-03,2020-01-30,2020-02-18,2020-02-04,2020-02-03,2020-01-23,2020-01-28,2020-02-26,2020-02-05,2020-02-20,2020-02-25
93,2020-02-04,2020-01-31,2020-02-19,2020-02-05,2020-02-04,2020-01-24,2020-01-29,2020-02-27,2020-02-06,2020-02-21,2020-02-26
94,2020-02-05,2020-02-03,2020-02-20,2020-02-06,2020-02-05,2020-01-27,2020-01-30,2020-02-28,2020-02-07,2020-02-24,2020-02-27
95,2020-02-06,2020-02-04,2020-02-21,2020-02-07,2020-02-06,2020-01-28,2020-01-31,2020-03-02,2020-02-10,2020-02-25,2020-02-28
96,2020-02-07,2020-02-05,2020-02-24,2020-02-10,2020-02-07,2020-01-29,2020-02-03,2020-03-03,2020-02-11,2020-02-26,2020-03-02
97,2020-02-10,2020-02-06,2020-02-25,2020-02-11,2020-02-10,2020-01-30,2020-02-04,2020-03-04,2020-02-12,2020-02-27,2020-03-03
98,2020-02-11,2020-02-07,2020-02-26,2020-02-12,2020-02-11,2020-01-31,2020-02-05,2020-03-05,2020-02-13,2020-02-28,2020-03-04
99,2020-04-22,2020-04-24,2020-04-24,2020-04-29,2020-04-22,2020-04-17,2020-04-22,2020-04-30,2020-04-30,2020-04-20,2020-04-29
100,2020-04-23,2020-04-27,2020-04-27,2020-04-30,2020-04-23,2020-04-20,2020-04-23,2020-05-01,2020-05-01,2020-04-21,2020-04-30
101,2020-04-24,2020-04-28,2020-04-28,2020-05-01,2020-04-24,2020-04-21,2020-04-24,2020-05-04,2020-05-04,2020-04-22,2020-05-01
102,2020-04-27,2020-04-29,2020-04-29,2020-05-04,2020-04-27,2020-04-22,2020-04-27,2020-05-05,2020-05-05,2020-04-23,2020-05-04
103,2020-04-28,2020-04-30,2020-04-30,2020-05-05,2020-04-28,2020-04-23,2020-04-28,2020-05-06,2020-05-06,2020-04-24,2020-05-05
104,2020-04-29,2020-05-01,2020-05-01,2020-05-06,2020-04-29,2020-04-24,2020-04-29,2020-05-07,2020-05-07,2020-04-27,2020-05-06
105,2020-04-30,2020-05-04,2020-05-04,2020-05-07,2020-04-30,2020-04-27,2020-04-30,2020-05-08,2020-05-08,2020-04-28,2020-05-07
106,2020-05-01,2020-05-05,2020-05-05,2020-05-08,2020-05-01,2020-04-28,2020-05-01,2020-05-11,2020-05-11,2020-04-29,2020-05-08
107,2020-05-04,2020-05-06,2020-05-06,2020-05-11,2020-05-04,2020-04-29,2020-05-04,2020-05-12,2020-05-12,2020-04-30,2020-05-11
108,2020-05-05,2020-05-07,2020-05-07,2020-05-12,2020-05-05,2020-04-30,2020-05-05,2020-05-13,2020-05-13,2020-05-01,2020-05-12
109,2020-05-06,2020-05-08,2020-05-08,2020-05-13,2020-05-06,2020-05-01,2020-05-06,2020-05-14,2020-05-14,2020-05-04,2020-05-13
110,2020-07-22,2020-07-24,2020-07-24,2020-07-22,2020-07-24,2020-07-17,2020-07-23,2020-07-30,2020-07-23,2020-07-21,2020-07-29
111,2020-07-23,2020-07-27,2020-07-27,2020-07-23,2020-07-27,2020-07-20,2020-07-24,2020-07-31,2020-07-24,2020-07-22,2020-07-30
112,2020-07-24,2020-07-28,2020-07-28,2020-07-24,2020-07-28,2020-07-21,2020-07-27,2020-08-03,2020-07-27,2020-07-23,2020-07-31
113,2020-07-27,2020-07-29,2020-07-29,2020-07-27,2020-07-29,2020-07-22,2020-07-28,2020-08-04,2020-07-28,2020-07-24,2020-08-03
114,2020-07-28,2020-07-30,2020-07-30,2020-07-28,2020-07-30,2020-07-23,2020-07-29,2020-08-05,2020-07-29,2020-07-27,2020-08-04
115,2020-07-29,2020-07-31,2020-07-31,2020-07-29,2020-07-31,2020-07-24,2020-07-30,2020-08-06,2020-07-30,2020-07-28,2020-08-05
116,2020-07-30,2020-08-03,2020-08-03,2020-07-30,2020-08-03,2020-07-27,2020-07-31,2020-08-07,2020-07-31,2020-07-29,2020-08-06
117,2020-07-31,2020-08-04,2020-08-04,2020-07-31,2020-08-04,2020-07-28,2020-08-03,2020-08-10,2020-08-03,2020-07-30,2020-08-07
118,2020-08-03,2020-08-05,2020-08-05,2020-08-03,2020-08-05,2020-07-29,2020-08-04,2020-08-11,2020-08-04,2020-07-31,2020-08-10
119,2020-08-04,2020-08-06,2020-08-06,2020-08-04,2020-08-06,2020-07-30,2020-08-05,2020-08-12,2020-08-05,2020-08-03,2020-08-11
120,2020-08-05,2020-08-07,2020-08-07,2020-08-05,2020-08-07,2020-07-31,2020-08-06,2020-08-13,2020-08-06,2020-08-04,2020-08-12
121,2020-10-21,2020-10-23,2020-10-23,2020-10-29,2020-10-23,2020-10-16,2020-10-20,2020-10-29,2020-10-27,2020-10-20,2020-10-28
122,2020-10-22,2020-10-26,2020-10-26,2020-10-30,2020-10-26,2020-10-19,2020-10-21,2020-10-30,2020-10-28,2020-10-21,2020-10-29
123,2020-10-23,2020-10-27,2020-10-27,2020-11-02,2020-10-27,2020-10-20,2020-10-22,2020-11-02,2020-10-29,2020-10-22,2020-10-30
124,2020-10-26,2020-10-28,2020-10-28,2020-11-03,2020-10-28,2020-10-21,2020-10-23,2020-11-03,2020-10-30,2020-10-23,2020-11-02
125,2020-10-27,2020-10-29,2020-10-29,2020-11-04,2020-10-29,2020-10-22,2020-10-26,2020-11-04,2020-11-02,2020-10-26,2020-11-03
126,2020-10-28,2020-10-30,2020-10-30,2020-11-05,2020-10-30,2020-10-23,2020-10-27,2020-11-05,2020-11-03,2020-10-27,2020-11-04
127,2020-10-29,2020-11-02,2020-11-02,2020-11-06,2020-11-02,2020-10-26,2020-10-28,2020-11-06,2020-11-04,2020-10-28,2020-11-05
128,2020-10-30,2020-11-03,2020-11-03,2020-11-09,2020-11-03,2020-10-27,2020-10-29,2020-11-09,2020-11-05,2020-10-29,2020-11-06
129,2020-11-02,2020-11-04,2020-11-04,2020-11-10,2020-11-04,2020-10-28,2020-10-30,2020-11-10,2020-11-06,2020-10-30,2020-11-09
130,2020-11-03,2020-11-05,2020-11-05,2020-11-11,2020-11-05,2020-10-29,2020-11-02,2020-11-11,2020-11-09,2020-11-02,2020-11-10
131,2020-11-04,2020-11-06,2020-11-06,2020-11-12,2020-11-06,2020-10-30,2020-11-03,2020-11-12,2020-11-10,2020-11-03,2020-11-11
132,2021-01-22,2021-01-27,2021-02-17,2021-02-03,2021-01-27,2021-01-15,2021-01-19,2021-02-18,2021-01-29,2021-02-18,2021-02-17
133,2021-01-25,2021-01-28,2021-02-18,2021-02-04,2021-01-28,2021-01-18,2021-01-20,2021-02-19,2021-02-01,2021-02-19,2021-02-18
134,2021-01-26,2021-01-29,2021-02-19,2021-02-05,2021-01-29,2021-01-19,2021-01-21,2021-02-22,2021-02-02,2021-02-22,2021-02-19
135,2021-01-27,2021-02-01,2021-02-22,2021-02-08,2021-02-01,2021-01-20,2021-01-22,2021-02-23,2021-02-03,2021-02-23,2021-02-22
136,2021-01-28,2021-02-02,2021-02-23,2021-02-09,2021-02-02,2021-01-21,2021-01-25,2021-02-24,2021-02-04,2021-02-24,2021-02-23
137,2021-01-29,2021-02-03,2021-02-24,2021-02-10,2021-02-03,2021-01-22,2021-01-26,2021-02-25,2021-02-05,2021-02-25,2021-02-24
138,2021-02-01,2021-02-04,2021-02-25,2021-02-11,2021-02-04,2021-01-25,2021-01-27,2021-02-26,2021-02-08,2021-02-26,2021-02-25
139,2021-02-02,2021-02-05,2021-02-26,2021-02-12,2021-02-05,2021-01-26,2021-01-28,2021-03-01,2021-02-09,2021-03-01,2021-02-26
140,2021-02-03,2021-02-08,2021-03-01,2021-02-15,2021-02-08,2021-01-27,2021-01-29,2021-03-02,2021-02-10,2021-03-02,2021-03-01
141,2021-02-04,2021-02-09,2021-03-02,2021-02-16,2021-02-09,2021-01-28,2021-02-01,2021-03-03,2021-02-11,2021-03-03,2021-03-02
142,2021-02-05,2021-02-10,2021-03-03,2021-02-17,2021-02-10,2021-01-29,2021-02-02,2021-03-04,2021-02-12,2021-03-04,2021-03-03
143,2021-04-21,2021-04-23,2021-04-22,2021-04-28,2021-04-21,2021-04-16,2021-04-20,2021-05-06,2021-04-29,2021-04-20,2021-04-28
144,2021-04-22,2021-04-26,2021-04-23,2021-04-29,2021-04-22,2021-04-19,2021-04-21,2021-05-07,2021-04-30,2021-04-21,2021-04-29
145,2021-04-23,2021-04-27,2021-04-26,2021-04-30,2021-04-23,2021-04-20,2021-04-22,2021-05-10,2021-05-03,2021-04-22,2021-04-30
146,2021-04-26,2021-04-28,2021-04-27,2021-05-03,2021-04-26,2021-04-21,2021-04-23,2021-05-11,2021-05-04,2021-04-23,2021-05-03
147,2021-04-27,2021-04-29,2021-04-28,2021-05-04,2021-04-27,2021-04-22,2021-04-26,2021-05-12,2021-05-05,2021-04-26,2021-05-04
148,2021-04-28,2021-04-30,2021-04-29,2021-05-05,2021-04-28,2021-04-23,2021-04-27,2021-05-13,2021-05-06,2021-04-27,2021-05-05
149,2021-04-29,2021-05-03,2021-04-30,2021-05-06,2021-04-29,2021-04-26,2021-04-28,2021-05-14,2021-05-07,2021-04-28,2021-05-06
150,2021-04-30,2021-05-04,2021-05-03,2021-05-07,2021-04-30,2021-04-27,2021-04-29,2021-05-17,2021-05-10,2021-04-29,2021-05-07
151,2021-05-03,2021-05-05,2021-05-04,2021-05-10,2021-05-03,2021-04-28,2021-04-30,2021-05-18,2021-05-11,2021-04-30,2021-05-10
152,2021-05-04,2021-05-06,2021-05-05,2021-05-11,2021-05-04,2021-04-29,2021-05-03,2021-05-19,2021-05-12,2021-05-03,2021-05-11
153,2021-05-05,2021-05-07,2021-05-06,2021-05-12,2021-05-05,2021-04-30,2021-05-04,2021-05-20,2021-05-13,2021-05-04,2021-05-12
154,2021-07-21,2021-07-23,2021-07-23,2021-07-28,2021-07-21,2021-10-15,2021-07-22,2021-08-05,2021-07-22,2021-07-21,2021-07-28
155,2021-07-22,2021-07-26,2021-07-26,2021-07-29,2021-07-22,2021-10-18,2021-07-23,2021-08-06,2021-07-23,2021-07-22,2021-07-29
156,2021-07-23,2021-07-27,2021-07-27,2021-07-30,2021-07-23,2021-10-19,2021-07-26,2021-08-09,2021-07-26,2021-07-23,2021-07-30
157,2021-07-26,2021-07-28,2021-07-28,2021-08-02,2021-07-26,2021-10-20,2021-07-27,2021-08-10,2021-07-27,2021-07-26,2021-08-02
158,2021-07-27,2021-07-29,2021-07-29,2021-08-03,2021-07-27,2021-10-21,2021-07-28,2021-08-11,2021-07-28,2021-07-27,2021-08-03
159,2021-07-28,2021-07-30,2021-07-30,2021-08-04,2021-07-28,2021-10-22,2021-07-29,2021-08-12,2021-07-29,2021-07-28,2021-08-04
160,2021-07-29,2021-08-02,2021-08-02,2021-08-05,2021-07-29,2021-10-25,2021-07-30,2021-08-13,2021-07-30,2021-07-29,2021-08-05
161,2021-07-30,2021-08-03,2021-08-03,2021-08-06,2021-07-30,2021-10-26,2021-08-02,2021-08-16,2021-08-02,2021-07-30,2021-08-06
162,2021-08-02,2021-08-04,2021-08-04,2021-08-09,2021-08-02,2021-10-27,2021-08-03,2021-08-17,2021-08-03,2021-08-02,2021-08-09
163,2021-08-03,2021-08-05,2021-08-05,2021-08-10,2021-08-03,2021-10-28,2021-08-04,2021-08-18,2021-08-04,2021-08-03,2021-08-10
164,2021-08-04,2021-08-06,2021-08-06,2021-08-11,2021-08-04,2021-10-29,2021-08-05,2021-08-19,2021-08-05,2021-08-04,2021-08-11
165,2021-10-20,2021-10-22,2021-10-22,2021-10-20,2021-10-20,2022-01-20,2021-10-19,2021-11-05,2021-11-02,2021-10-19,2021-10-27
166,2021-10-21,2021-10-25,2021-10-25,2021-10-21,2021-10-21,2022-01-21,2021-10-20,2021-11-08,2021-11-03,2021-10-20,2021-10-28
167,2021-10-22,2021-10-26,2021-10-26,2021-10-22,2021-10-22,2022-01-24,2021-10-21,2021-11-09,2021-11-04,2021-10-21,2021-10-29
168,2021-10-25,2021-10-27,2021-10-27,2021-10-25,2021-10-25,2022-01-25,2021-10-22,2021-11-10,2021-11-05,2021-10-22,2021-11-01
169,2021-10-26,2021-10-28,2021-10-28,2021-10-26,2021-10-26,2022-01-26,2021-10-25,2021-11-11,2021-11-08,2021-10-25,2021-11-02
170,2021-10-27,2021-10-29,2021-10-29,2021-10-27,2021-10-27,2022-01-27,2021-10-26,2021-11-12,2021-11-09,2021-10-26,2021-11-03
171,2021-10-28,2021-11-01,2021-11-01,2021-10-28,2021-10-28,2022-01-28,2021-10-27,2021-11-15,2021-11-10,2021-10-27,2021-11-04
172,2021-10-29,2021-11-02,2021-11-02,2021-10-29,2021-10-29,2022-01-31,2021-10-28,2021-11-16,2021-11-11,2021-10-28,2021-11-05
173,2021-11-01,2021-11-03,2021-11-03,2021-11-01,2021-11-01,2022-02-01,2021-10-29,2021-11-17,2021-11-12,2021-10-29,2021-11-08
174,2021-11-02,2021-11-04,2021-11-04,2021-11-02,2021-11-02,2022-02-02,2021-11-01,2021-11-18,2021-11-15,2021-11-01,2021-11-09
175,2021-11-03,2021-11-05,2021-11-05,2021-11-03,2021-11-03,2022-02-03,2021-11-02,2021-11-19,2021-11-16,2021-11-02,2021-11-10
176,2022-01-27,2022-01-28,2022-02-15,2022-01-26,2022-01-26,2022-04-22,2022-01-18,2022-02-17,2022-01-27,2022-02-04,2022-02-16
177,2022-01-28,2022-01-31,2022-02-16,2022-01-27,2022-01-27,2022-04-25,2022-01-19,2022-02-18,2022-01-28,2022-02-07,2022-02-17
178,2022-01-31,2022-02-01,2022-02-17,2022-01-28,2022-01-28,2022-04-26,2022-01-20,2022-02-21,2022-01-31,2022-02-08,2022-02-18
179,2022-02-01,2022-02-02,2022-02-18,2022-01-31,2022-01-31,2022-04-27,2022-01-21,2022-02-22,2022-02-01,2022-02-09,2022-02-21
180,2022-02-02,2022-02-03,2022-02-21,2022-02-01,2022-02-01,2022-04-28,2022-01-24,2022-02-23,2022-02-02,2022-02-10,2022-02-22
181,2022-02-03,2022-02-04,2022-02-22,2022-02-02,2022-02-02,2022-04-29,2022-01-25,2022-02-24,2022-02-03,2022-02-11,2022-02-23
182,2022-02-04,2022-02-07,2022-02-23,2022-02-03,2022-02-03,2022-05-02,2022-01-26,2022-02-25,2022-02-04,2022-02-14,2022-02-24
183,2022-02-07,2022-02-08,2022-02-24,2022-02-04,2022-02-04,2022-05-03,2022-01-27,2022-02-28,2022-02-07,2022-02-15,2022-02-25
184,2022-02-08,2022-02-09,2022-02-25,2022-02-07,2022-02-07,2022-05-04,2022-01-28,2022-03-01,2022-02-08,2022-02-16,2022-02-28
185,2022-02-09,2022-02-10,2022-02-28,2022-02-08,2022-02-08,2022-05-05,2022-01-31,2022-03-02,2022-02-09,2022-02-17,2022-03-01
186,2022-02-10,2022-02-11,2022-03-01,2022-02-09,2022-02-09,2022-05-06,2022-02-01,2022-03-03,2022-02-10,2022-02-18,2022-03-02
187,2022-04-27,2022-04-22,2022-04-22,2022-04-20,2022-04-20,2022-07-22,2022-04-19,2022-05-04,2022-04-21,2022-04-20,2022-04-27
188,2022-04-28,2022-04-25,2022-04-25,2022-04-21,2022-04-21,2022-07-25,2022-04-20,2022-05-05,2022-04-22,2022-04-21,2022-04-28
189,2022-04-29,2022-04-26,2022-04-26,2022-04-22,2022-04-22,2022-07-26,2022-04-21,2022-05-06,2022-04-25,2022-04-22,2022-04-29
190,2022-05-02,2022-04-27,2022-04-27,2022-04-25,2022-04-25,2022-07-27,2022-04-22,2022-05-09,2022-04-26,2022-04-25,2022-05-02
191,2022-05-03,2022-04-28,2022-04-28,2022-04-26,2022-04-26,2022-07-28,2022-04-25,2022-05-10,2022-04-27,2022-04-26,2022-05-03
192,2022-05-04,2022-04-29,2022-04-29,2022-04-27,2022-04-27,2022-07-29,2022-04-26,2022-05-11,2022-04-28,2022-04-27,2022-05-04
193,2022-05-05,2022-05-02,2022-05-02,2022-04-28,2022-04-28,2022-08-01,2022-04-27,2022-05-12,2022-04-29,2022-04-28,2022-05-05
194,2022-05-06,2022-05-03,2022-05-03,2022-04-29,2022-04-29,2022-08-02,2022-04-28,2022-05-13,2022-05-02,2022-04-29,2022-05-06
195,2022-05-09,2022-05-04,2022-05-04,2022-05-02,2022-05-02,2022-08-03,2022-04-29,2022-05-16,2022-05-03,2022-05-02,2022-05-09
196,2022-05-10,2022-05-05,2022-05-05,2022-05-03,2022-05-03,2022-08-04,2022-05-02,2022-05-17,2022-05-04,2022-05-03,2022-05-10
197,2022-05-11,2022-05-06,2022-05-06,2022-05-04,2022-05-04,2022-08-05,2022-05-03,2022-05-18,2022-05-05,2022-05-04,2022-05-11
198,2022-07-27,2022-07-22,2022-07-22,2022-07-19,2022-07-20,2022-10-21,2022-07-21,2022-08-03,2022-07-27,2022-07-21,2022-07-27
199,2022-07-28,2022-07-25,2022-07-25,2022-07-20,2022-07-21,2022-10-24,2022-07-22,2022-08-04,2022-07-28,2022-07-22,2022-07-28
200,2022-07-29,2022-07-26,2022-07-26,2022-07-21,2022-07-22,2022-10-25,2022-07-25,2022-08-05,2022-07-29,2022-07-25,2022-07-29
201,2022-08-01,2022-07-27,2022-07-27,2022-07-22,2022-07-25,2022-10-26,2022-07-26,2022-08-08,2022-08-01,2022-07-26,2022-08-01
202,2022-08-02,2022-07-28,2022-07-28,2022-07-25,2022-07-26,2022-10-27,2022-07-27,2022-08-09,2022-08-02,2022-07-27,2022-08-02
203,2022-08-03,2022-07-29,2022-07-29,2022-07-26,2022-07-27,2022-10-28,2022-07-28,2022-08-10,2022-08-03,2022-07-28,2022-08-03
204,2022-08-04,2022-08-01,2022-08-01,2022-07-27,2022-07-28,2022-10-31,2022-07-29,2022-08-11,2022-08-04,2022-07-29,2022-08-04
205,2022-08-05,2022-08-02,2022-08-02,2022-07-28,2022-07-29,2022-11-01,2022-08-01,2022-08-12,2022-08-05,2022-08-01,2022-08-05
206,2022-08-08,2022-08-03,2022-08-03,2022-07-29,2022-08-01,2022-11-02,2022-08-02,2022-08-15,2022-08-08,2022-08-02,2022-08-08
207,2022-08-09,2022-08-04,2022-08-04,2022-08-01,2022-08-02,2022-11-03,2022-08-03,2022-08-16,2022-08-09,2022-08-03,2022-08-09
208,2022-08-10,2022-08-05,2022-08-05,2022-08-02,2022-08-03,2022-11-04,2022-08-04,2022-08-17,2022-08-10,2022-08-04,2022-08-10
209,2022-10-26,2022-10-21,2022-10-21,2022-10-18,2022-10-19,2023-01-20,2022-10-18,2022-11-02,2022-10-28,2022-10-18,2022-10-26
210,2022-10-27,2022-10-24,2022-10-24,2022-10-19,2022-10-20,2023-01-23,2022-10-19,2022-11-03,2022-10-31,2022-10-19,2022-10-27
211,2022-10-28,2022-10-25,2022-10-25,2022-10-20,2022-10-21,2023-01-24,2022-10-20,2022-11-04,2022-11-01,2022-10-20,2022-10-28
212,2022-10-31,2022-10-26,2022-10-26,2022-10-21,2022-10-24,2023-01-25,2022-10-21,2022-11-07,2022-11-02,2022-10-21,2022-10-31
213,2022-11-01,2022-10-27,2022-10-27,2022-10-24,2022-10-25,2023-01-26,2022-10-24,2022-11-08,2022-11-03,2022-10-24,2022-11-01
214,2022-11-02,2022-10-28,2022-10-28,2022-10-25,2022-10-26,2023-01-27,2022-10-25,2022-11-09,2022-11-04,2022-10-25,2022-11-02
215,2022-11-03,2022-10-31,2022-10-31,2022-10-26,2022-10-27,2023-01-30,2022-10-26,2022-11-10,2022-11-07,2022-10-26,2022-11-03
216,2022-11-04,2022-11-01,2022-11-01,2022-10-27,2022-10-28,2023-01-31,2022-10-27,2022-11-11,2022-11-08,2022-10-27,2022-11-04
217,2022-11-07,2022-11-02,2022-11-02,2022-10-28,2022-10-31,2023-02-01,2022-10-28,2022-11-14,2022-11-09,2022-10-28,2022-11-07
218,2022-11-08,2022-11-03,2022-11-03,2022-10-31,2022-11-01,2023-02-02,2022-10-31,2022-11-15,2022-11-10,2022-10-31,2022-11-08
219,2022-11-09,2022-11-04,2022-11-04,2022-11-01,2022-11-02,2023-02-03,2022-11-01,2022-11-16,2022-11-11,2022-11-01,2022-11-09
220,2023-02-20,2023-01-27,2023-02-15,2023-01-24,2023-01-27,2023-04-21,2023-01-17,2023-02-16,2023-02-03,2023-02-03,2023-02-15
221,2023-02-21,2023-01-30,2023-02-16,2023-01-25,2023-01-30,2023-04-24,2023-01-18,2023-02-17,2023-02-06,2023-02-06,2023-02-16
222,2023-02-22,2023-01-31,2023-02-17,2023-01-26,2023-01-31,2023-04-25,2023-01-19,2023-02-20,2023-02-07,2023-02-07,2023-02-17
223,2023-02-23,2023-02-01,2023-02-20,2023-01-27,2023-02-01,2023-04-26,2023-01-20,2023-02-21,2023-02-08,2023-02-08,2023-02-20
224,2023-02-24,2023-02-02,2023-02-21,2023-01-30,2023-02-02,2023-04-27,2023-01-23,2023-02-22,2023-02-09,2023-02-09,2023-02-21
225,2023-02-27,2023-02-03,2023-02-22,2023-01-31,2023-02-03,2023-04-28,2023-01-24,2023-02-23,2023-02-10,2023-02-10,2023-02-22
226,2023-02-28,2023-02-06,2023-02-23,2023-02-01,2023-02-06,2023-05-01,2023-01-25,2023-02-24,2023-02-13,2023-02-13,2023-02-23
227,2023-03-01,2023-02-07,2023-02-24,2023-02-02,2023-02-07,2023-05-02,2023-01-26,2023-02-27,2023-02-14,2023-02-14,2023-02-24
228,2023-03-02,2023-02-08,2023-02-27,2023-02-03,2023-02-08,2023-05-03,2023-01-27,2023-02-28,2023-02-15,2023-02-15,2023-02-27
229,2023-03-03,2023-02-09,2023-02-28,2023-02-06,2023-02-09,2023-05-04,2023-01-30,2023-03-01,2023-02-16,2023-02-16,2023-02-28
230,2023-03-06,2023-02-10,2023-03-01,2023-02-07,2023-02-10,2023-05-05,2023-01-31,2023-03-02,2023-02-17,2023-02-17,2023-03-01
231,2023-04-26,2023-04-21,2023-04-24,2023-04-18,2023-04-19,2023-07-21,2023-04-18,2023-05-03,2023-05-02,2023-04-20,2023-04-25
232,2023-04-27,2023-04-24,2023-04-25,2023-04-19,2023-04-20,2023-07-24,2023-04-19,2023-05-04,2023-05-03,2023-04-21,2023-04-26
233,2023-04-28,2023-04-25,2023-04-26,2023-04-20,2023-04-21,2023-07-25,2023-04-20,2023-05-05,2023-05-04,2023-04-24,2023-04-27
234,2023-05-01,2023-04-26,2023-04-27,2023-04-21,2023-04-24,2023-07-26,2023-04-21,2023-05-08,2023-05-05,2023-04-25,2023-04-28
235,2023-05-02,2023-04-27,2023-04-28,2023-04-24,2023-04-25,2023-07-27,2023-04-24,2023-05-09,2023-05-08,2023-04-26,2023-05-01
236,2023-05-03,2023-04-28,2023-05-01,2023-04-25,2023-04-26,2023-07-28,2023-04-25,2023-05-10,2023-05-09,2023-04-27,2023-05-02
237,2023-05-04,2023-05-01,2023-05-02,2023-04-26,2023-04-27,2023-07-31,2023-04-26,2023-05-11,2023-05-10,2023-04-28,2023-05-03
238,2023-05-05,2023-05-02,2023-05-03,2023-04-27,2023-04-28,2023-08-01,2023-04-27,2023-05-12,2023-05-11,2023-05-01,2023-05-04
239,2023-05-08,2023-05-03,2023-05-04,2023-04-28,2023-05-01,2023-08-02,2023-04-28,2023-05-15,2023-05-12,2023-05-02,2023-05-05
240,2023-05-09,2023-05-04,2023-05-05,2023-05-01,2023-05-02,2023-08-03,2023-05-01,2023-05-16,2023-05-15,2023-05-03,2023-05-08
241,2023-05-10,2023-05-05,2023-05-08,2023-05-02,2023-05-03,2023-08-04,2023-05-02,2023-05-17,2023-05-16,2023-05-04,2023-05-09
242,2023-07-26,2023-07-28,2023-07-24,2023-07-18,2023-07-19,,2023-07-20,2023-08-02,2023-07-27,2023-07-21,2023-07-25
243,2023-07-27,2023-07-31,2023-07-25,2023-07-19,2023-07-20,,2023-07-21,2023-08-03,2023-07-28,2023-07-24,2023-07-26
244,2023-07-28,2023-08-01,2023-07-26,2023-07-20,2023-07-21,,2023-07-24,2023-08-04,2023-07-31,2023-07-25,2023-07-27
245,2023-07-31,2023-08-02,2023-07-27,2023-07-21,2023-07-24,,2023-07-25,2023-08-07,2023-08-01,2023-07-26,2023-07-28
246,2023-08-01,2023-08-03,2023-07-28,2023-07-24,2023-07-25,,2023-07-26,2023-08-08,2023-08-02,2023-07-27,2023-07-31
247,2023-08-02,2023-08-04,2023-07-31,2023-07-25,2023-07-26,,2023-07-27,2023-08-09,2023-08-03,2023-07-28,2023-08-01
248,2023-08-03,2023-08-07,2023-08-01,2023-07-26,2023-07-27,,2023-07-28,2023-08-10,2023-08-04,2023-07-31,2023-08-02
249,2023-08-04,2023-08-08,2023-08-02,2023-07-27,2023-07-28,,2023-07-31,2023-08-11,2023-08-07,2023-08-01,2023-08-03
250,2023-08-07,2023-08-09,2023-08-03,2023-07-28,2023-07-31,,2023-08-01,2023-08-14,2023-08-08,2023-08-02,2023-08-04
251,2023-08-08,2023-08-10,2023-08-04,2023-07-31,2023-08-01,,2023-08-02,2023-08-15,2023-08-09,2023-08-03,2023-08-07
252,2023-08-09,2023-08-11,2023-08-07,2023-08-01,2023-08-02,,2023-08-03,2023-08-16,2023-08-10,2023-08-04,2023-08-08
253,2023-10-25,,2023-10-24,2023-10-17,2023-10-18,,2023-10-17,2023-11-01,2023-10-26,2023-10-19,2023-10-24
254,2023-10-26,,2023-10-25,2023-10-18,2023-10-19,,2023-10-18,2023-11-02,2023-10-27,2023-10-20,2023-10-25
255,2023-10-27,,2023-10-26,2023-10-19,2023-10-20,,2023-10-19,2023-11-03,2023-10-30,2023-10-23,2023-10-26
256,2023-10-30,,2023-10-27,2023-10-20,2023-10-23,,2023-10-20,2023-11-06,2023-10-31,2023-10-24,2023-10-27
257,2023-10-31,,2023-10-30,2023-10-23,2023-10-24,,2023-10-23,2023-11-07,2023-11-01,2023-10-25,2023-10-30
258,2023-11-01,,2023-10-31,2023-10-24,2023-10-25,,2023-10-24,2023-11-08,2023-11-02,2023-10-26,2023-10-31
259,2023-11-02,,2023-11-01,2023-10-25,2023-10-26,,2023-10-25,2023-11-09,2023-11-03,2023-10-27,2023-11-01
260,2023-11-03,,2023-11-02,2023-10-26,2023-10-27,,2023-10-26,2023-11-10,2023-11-06,2023-10-30,2023-11-02
261,2023-11-06,,2023-11-03,2023-10-27,2023-10-30,,2023-10-27,2023-11-13,2023-11-07,2023-10-31,2023-11-03
262,2023-11-07,,2023-11-06,2023-10-30,2023-10-31,,2023-10-30,2023-11-14,2023-11-08,2023-11-01,2023-11-06
263,2023-11-08,,2023-11-07,2023-10-31,2023-11-01,,2023-10-31,2023-11-15,2023-11-09,2023-11-02,2023-11-07
