,timestamp,cumsum
0,2018-10-30 15:59:00,0.011932035426357672
0,2018-10-31 15:59:00,0.08991471904638115
0,2018-11-01 15:59:00,-0.003033798366959036
0,2018-11-02 15:59:00,-0.0116004645875795
0,2018-11-05 15:59:00,0.0059328436465212854
0,2018-11-06 15:59:00,0.005710411511575569
0,2018-11-07 15:59:00,0.011992073780973823
0,2018-11-08 15:59:00,-0.008553305885589875
0,2018-11-09 15:59:00,-0.023590500897506316
0,2018-11-12 15:59:00,0.0004404200337311717
0,2018-11-13 15:59:00,0.006300868618272203
0,2018-11-14 15:59:00,-0.019195335036645285
0,2018-11-15 15:59:00,0.008814132971801518
0,2018-11-16 15:59:00,0.006375620061988652
0,2018-11-19 15:59:00,-0.0020986341150722714
0,2018-11-20 15:59:00,-0.0168004247420581
0,2018-11-21 15:59:00,0.013713725140774288
0,2018-11-23 15:59:00,0.010438437915776807
0,2018-11-26 15:59:00,0.04722939149336766
0,2018-11-27 15:59:00,-0.02553426875969489
0,2018-11-28 15:59:00,0.00725442120028431
0,2018-11-29 15:59:00,-0.004756734894269794
0,2018-11-30 15:59:00,0.031153370700305175
0,2018-12-03 15:59:00,0.014823283837229013
0,2018-12-04 15:59:00,-0.05146247085066424
0,2018-12-06 15:59:00,-0.022325877156616183
0,2018-12-07 15:59:00,-0.02792999020332479
0,2018-12-10 15:59:00,-0.007782960494618105
0,2018-12-11 15:59:00,0.008784251673657073
0,2018-12-12 15:59:00,0.028497481376340207
0,2018-12-13 15:59:00,-0.016214230009740586
0,2018-12-14 15:59:00,-7.464186239103561e-05
0,2018-12-17 15:59:00,-0.012427118207088358
0,2018-12-18 15:59:00,0.007052209709114709
0,2018-12-19 15:59:00,0.0015424546695825764
0,2018-12-20 15:59:00,-0.018995036592594685
0,2018-12-21 15:59:00,-0.03802801547082328
0,2018-12-24 15:59:00,-0.0184105925273737
0,2018-12-26 15:59:00,0.034871290770130625
0,2018-12-27 15:59:00,0.014096256771103103
0,2018-12-28 15:59:00,-0.001491413596746056
0,2018-12-31 15:59:00,-0.013452154493858573
0,2019-01-02 15:59:00,0.006177875912719804
0,2019-01-03 15:59:00,-0.04218451450040449
0,2019-01-04 15:59:00,0.033932021225748635
0,2019-01-07 15:59:00,0.030656677464331875
0,2019-01-08 15:59:00,0.013525400588383965
0,2019-01-09 15:59:00,0.010474388835291781
0,2019-01-10 15:59:00,-0.012949559382405525
0,2019-01-11 15:59:00,0.0703377433029303
0,2019-01-14 15:59:00,0.012745854517689162
0,2019-01-15 15:59:00,-0.002467421767004829
0,2019-01-16 15:59:00,0.003874658682653868
0,2019-01-17 15:59:00,0.015390157659805994
0,2019-01-18 15:59:00,0.00922851522751586
0,2019-01-22 15:59:00,-0.011042826519475524
0,2019-01-23 15:59:00,-0.013337368561881112
0,2019-01-24 15:59:00,0.012750503520284189
0,2019-01-25 15:59:00,0.012657123382685102
0,2019-01-28 15:59:00,-0.004549808197959824
0,2019-01-29 15:59:00,0.00032984138781701384
0,2019-01-30 15:59:00,0.01697552182458594
0,2019-01-31 15:59:00,-0.0027552476106835243
0,2019-02-01 15:59:00,-0.005538176144474523
0,2019-02-04 15:59:00,0.0037961432045173827
0,2019-02-05 15:59:00,0.009643253117726177
0,2019-02-06 15:59:00,0.01631446626061305
0,2019-02-07 15:59:00,-0.03263022183970988
0,2019-02-08 15:59:00,0.001891361249795287
0,2019-02-11 15:59:00,-0.001723019099212816
0,2019-02-12 15:59:00,0.01039836616453881
0,2019-02-13 15:59:00,-0.000953879478977823
0,2019-02-14 15:59:00,-0.002500245851509416
0,2019-02-15 15:59:00,0.005469987853465792
0,2019-02-19 15:59:00,0.011235485966917171
0,2019-02-20 15:59:00,0.010606935265682436
0,2019-02-21 15:59:00,-0.008236878312549831
0,2019-02-22 15:59:00,0.00884058954139341
0,2019-02-25 15:59:00,0.0037837809419570744
0,2019-02-26 15:59:00,-0.0006945274389419864
0,2019-02-27 15:59:00,-0.002708463731066138
0,2019-02-28 15:59:00,-0.012914112173892172
0,2019-03-01 15:59:00,0.0015094914693555518
0,2019-03-04 15:59:00,-0.006906219296930896
0,2019-03-05 15:59:00,0.0009338498573203457
0,2019-03-06 15:59:00,-0.015859270549585833
0,2019-03-07 15:59:00,-0.01591716266219354
0,2019-03-08 15:59:00,-0.0011784667885715717
0,2019-03-11 15:59:00,0.016503743247501725
0,2019-03-12 15:59:00,0.00029715065243689535
0,2019-03-13 15:59:00,0.004171100248383648
0,2019-03-14 15:59:00,-0.020003306832774764
0,2019-03-15 15:59:00,0.001363593888202725
0,2019-03-18 15:59:00,-0.0025916856065978716
0,2019-03-19 15:59:00,0.007827611075463425
0,2019-03-20 15:59:00,-0.03355928950208243
0,2019-03-21 15:59:00,0.009518281735505759
0,2019-03-22 15:59:00,-0.02412225732213086
0,2019-03-25 15:59:00,0.008663675504947486
0,2019-03-26 15:59:00,0.0025028241732586304
0,2019-03-27 15:59:00,-0.006455022590635138
0,2019-03-28 15:59:00,0.012007490039166943
0,2019-03-29 15:59:00,0.0014124972696861675
0,2019-04-01 15:59:00,0.017455679133037753
0,2019-04-02 15:59:00,0.0013741688409088112
0,2019-04-03 15:59:00,0.015392991263847624
0,2019-04-04 15:59:00,0.010685747569273252
0,2019-04-05 15:59:00,0.0036451218184781324
0,2019-04-08 15:59:00,0.002598525552378542
0,2019-04-09 15:59:00,-0.004580459997448495
0,2019-04-10 15:59:00,0.010277562136541737
0,2019-04-11 15:59:00,0.0018212250307529973
0,2019-04-12 15:59:00,0.009947673325262665
0,2019-04-15 15:59:00,-0.003966124026250795
0,2019-04-16 15:59:00,0.0025567902734588283
0,2019-04-17 15:59:00,0.008403365810877802
0,2019-04-18 15:59:00,0.007768027320010819
0,2019-04-22 15:59:00,-0.019722621630368635
0,2019-04-23 15:59:00,0.007994576365205822
0,2019-04-24 15:59:00,-0.00256716880197236
0,2019-04-25 15:59:00,-0.014851287430274557
0,2019-04-26 15:59:00,0.014502274994421608
0,2019-04-29 15:59:00,0.008334237377101816
0,2019-04-30 15:59:00,-0.026622087738701537
0,2019-05-01 15:59:00,-0.0053339227503129616
0,2019-05-02 15:59:00,-0.01236101061958596
0,2019-05-03 15:59:00,0.01405901783808793
0,2019-05-06 15:59:00,-0.017814628698834177
0,2019-05-07 15:59:00,0.011658272695296004
0,2019-05-08 15:59:00,-0.007745394714896843
0,2019-05-09 15:59:00,-0.017679510278710453
0,2019-05-10 15:59:00,0.009363706521552606
0,2019-05-13 15:59:00,-0.0352440742822364
0,2019-05-14 15:59:00,0.013157469708030231
0,2019-05-15 15:59:00,0.009154874687035077
0,2019-05-16 15:59:00,4.853976707495044e-05
0,2019-05-17 15:59:00,-0.010116491723674905
0,2019-05-20 15:59:00,-0.0007308258095439942
0,2019-05-21 15:59:00,0.004365734761198937
0,2019-05-22 15:59:00,-0.04341014543518799
0,2019-05-23 15:59:00,-0.011559159911316149
0,2019-05-24 15:59:00,0.000342019924160505
0,2019-05-28 15:59:00,-0.00851829620837412
0,2019-05-29 15:59:00,-0.0022053653329040758
0,2019-05-30 15:59:00,0.0018005043344726768
0,2019-05-31 15:59:00,-0.04294937938975729
0,2019-06-03 15:59:00,0.010895075389978652
0,2019-06-04 15:59:00,0.058929496311051544
0,2019-06-05 15:59:00,0.0035260612249461785
0,2019-06-06 15:59:00,-0.017949975147732663
0,2019-06-07 15:59:00,0.008568911209999227
0,2019-06-10 15:59:00,0.014804836156871271
0,2019-06-11 15:59:00,0.005373225304622324
0,2019-06-12 15:59:00,-0.01469808388667329
0,2019-06-13 15:59:00,0.009836051250357282
0,2019-06-14 15:59:00,-0.009968812745353077
0,2019-06-17 15:59:00,0.013709934169754887
0,2019-06-18 15:59:00,0.01519935313105867
0,2019-06-19 15:59:00,0.0022781663386094897
0,2019-06-20 15:59:00,0.0050458314598160236
0,2019-06-21 15:59:00,-0.00076868139711629
0,2019-06-24 15:59:00,0.0008885720377041235
0,2019-06-25 15:59:00,0.019880846624994092
0,2019-06-26 15:59:00,0.011959800673248457
0,2019-06-27 15:59:00,0.0049555130980615016
0,2019-06-28 15:59:00,0.005260882817901244
0,2019-07-01 15:59:00,0.006051782673055025
0,2019-07-02 15:59:00,-0.010838400246337285
0,2019-07-03 15:59:00,-0.0046520929073431815
0,2019-07-05 15:59:00,0.008972317660287396
0,2019-07-08 15:59:00,-0.007261296491192698
0,2019-07-09 15:59:00,-0.003461407341769444
0,2019-07-10 15:59:00,0.0006170030079566803
0,2019-07-11 15:59:00,0.008806390149014763
0,2019-07-12 15:59:00,0.020155317511032847
0,2019-07-15 15:59:00,0.0036072380291788026
0,2019-07-16 15:59:00,0.0024608666970010735
0,2019-07-17 15:59:00,-0.007058095328183123
0,2019-07-18 15:59:00,-0.001211867491871188
0,2019-07-19 15:59:00,0.009473653553323642
0,2019-07-22 15:59:00,0.00949412604237057
0,2019-07-23 15:59:00,0.02143563178743915
0,2019-07-24 15:59:00,0.004237425716611693
0,2019-07-25 15:59:00,-0.0032668010169638064
0,2019-07-26 15:59:00,0.0005301441732251163
0,2019-07-29 15:59:00,-0.0021785048005893105
0,2019-07-30 15:59:00,-0.006020427796587717
0,2019-07-31 15:59:00,-0.0021219974662365026
0,2019-08-01 15:59:00,-0.004070944387126666
0,2019-08-02 15:59:00,-0.009108107797920612
0,2019-08-05 15:59:00,-0.019277649611066518
0,2019-08-06 15:59:00,0.0018861061189257495
0,2019-08-07 15:59:00,0.00809825019058601
0,2019-08-08 15:59:00,0.018417284663935607
0,2019-08-09 15:59:00,-0.012679438821488462
0,2019-08-12 15:59:00,-0.018978927199846684
0,2019-08-13 15:59:00,0.0042388137894237244
0,2019-08-14 15:59:00,-0.04762740599738561
0,2019-08-15 15:59:00,-0.019442023263024567
0,2019-08-16 15:59:00,0.014490971162337227
0,2019-08-19 15:59:00,0.009845444412478232
0,2019-08-20 15:59:00,-0.010675938120387052
0,2019-08-21 15:59:00,0.004681630738319857
0,2019-08-22 15:59:00,0.0038291111566274008
0,2019-08-23 15:59:00,-0.032469143640357086
0,2019-08-26 15:59:00,0.0048340929584878845
0,2019-08-27 15:59:00,-0.009505218949095617
0,2019-08-28 15:59:00,0.015423190908142885
0,2019-08-29 15:59:00,0.012634850853276376
0,2019-08-30 15:59:00,0.004411119364290801
0,2019-09-03 15:59:00,-0.004235784659221208
0,2019-09-04 15:59:00,0.03635005602562173
0,2019-09-05 15:59:00,0.012371249939514705
0,2019-09-06 15:59:00,0.0008284766042512687
0,2019-09-09 15:59:00,0.020993259506103035
0,2019-09-10 15:59:00,-4.406653413994329e-05
0,2019-09-11 15:59:00,-0.0030426877624975383
0,2019-09-12 15:59:00,-0.010076530828727708
0,2019-09-13 15:59:00,-0.005759989430163817
0,2019-09-16 15:59:00,-0.042512598557339076
0,2019-09-17 15:59:00,0.02873049649854041
0,2019-09-18 15:59:00,-0.0024941310981363607
0,2019-09-19 15:59:00,-0.010497379000767705
0,2019-09-20 15:59:00,-0.010903163453560016
0,2019-09-23 15:59:00,-0.0031778681196508907
0,2019-09-24 15:59:00,-0.012051773155205461
0,2019-09-25 15:59:00,0.008744857411521761
0,2019-09-26 15:59:00,0.013831212843865537
0,2019-09-27 15:59:00,-0.005238322767881453
0,2019-09-30 15:59:00,0.0013881551963865516
0,2019-10-01 15:59:00,-0.03688376937260363
0,2019-10-02 15:59:00,-0.04014559705450167
0,2019-10-03 15:59:00,0.009034816316564661
0,2019-10-04 15:59:00,-0.002504430974356387
0,2019-10-07 15:59:00,-0.0044529257794946805
0,2019-10-08 15:59:00,-0.024574360728627374
0,2019-10-09 15:59:00,0.007418821927940709
0,2019-10-10 15:59:00,0.015543398285369554
0,2019-10-11 15:59:00,0.025910654859700944
0,2019-10-14 15:59:00,-0.001932276912510677
0,2019-10-15 15:59:00,0.02116002901970391
0,2019-10-16 15:59:00,0.011074795839061029
0,2019-10-17 15:59:00,-0.012130981519467492
0,2019-10-18 15:59:00,-0.001196742819052067
0,2019-10-21 15:59:00,-0.006278319117743503
0,2019-10-22 15:59:00,0.01085607993157077
0,2019-10-23 15:59:00,0.008020829600046249
0,2019-10-24 15:59:00,-0.02200347179434171
0,2019-10-25 15:59:00,0.025439398541519144
0,2019-10-28 15:59:00,-0.00249963414609483
0,2019-10-29 15:59:00,0.0431240285554008
0,2019-10-30 15:59:00,-0.00778732351045959
0,2019-10-31 15:59:00,-0.020142412511876907
0,2019-11-01 15:59:00,0.02217958318082624
0,2019-11-04 15:59:00,0.011095646570555418
0,2019-11-05 15:59:00,-0.004606792384807553
0,2019-11-06 15:59:00,0.005295259873934402
0,2019-11-07 15:59:00,0.0023886645250390712
0,2019-11-08 15:59:00,0.004221980320317363
0,2019-11-11 15:59:00,0.0013738123806997214
0,2019-11-12 15:59:00,-0.0033169825420778197
0,2019-11-13 15:59:00,-0.03684235920745902
0,2019-11-14 15:59:00,-0.010458888546778115
0,2019-11-15 15:59:00,0.0025305524337170043
0,2019-11-18 15:59:00,-0.007281464703794181
0,2019-11-19 15:59:00,-0.006244039774105012
0,2019-11-20 15:59:00,-0.031145549683324367
0,2019-11-21 15:59:00,-0.01679575730849271
0,2019-11-22 15:59:00,0.01873239239434529
0,2019-11-25 15:59:00,0.01409102801051753
0,2019-11-26 15:59:00,0.002263387379602358
0,2019-11-27 15:59:00,0.006424868808153291
0,2019-11-29 15:59:00,-0.003848290999958906
0,2019-12-02 15:59:00,-0.003272022058231277
0,2019-12-03 15:59:00,-0.009498343205293875
0,2019-12-04 15:59:00,0.0077688070209699115
0,2019-12-05 15:59:00,-0.013715739138670717
0,2019-12-06 15:59:00,0.00630537783449958
0,2019-12-09 15:59:00,-0.004473240347633282
0,2019-12-10 15:59:00,-0.007892020412095259
0,2019-12-11 15:59:00,0.004006561798645365
0,2019-12-12 15:59:00,0.02458734183918568
0,2019-12-13 15:59:00,-0.012881924752754953
0,2019-12-16 15:59:00,0.012898801370509697
0,2019-12-17 15:59:00,0.005567035141231779
0,2019-12-18 15:59:00,0.027500968684256298
0,2019-12-19 15:59:00,-0.0015407832177572378
0,2019-12-20 15:59:00,6.0589499492863085e-05
0,2019-12-23 15:59:00,-0.01371663215368169
0,2019-12-24 15:59:00,-0.004594227548156015
0,2019-12-26 15:59:00,-0.0027141784008834925
0,2019-12-27 15:59:00,0.0019578609413017384
0,2019-12-30 15:59:00,-0.002693739708642969
0,2019-12-31 15:59:00,0.0041377630703959035
0,2020-01-02 15:59:00,0.021198979963948917
0,2020-01-03 15:59:00,-0.029156843864393666
0,2020-01-06 15:59:00,-0.01266530885628139
0,2020-01-07 15:59:00,-0.019366619178780756
0,2020-01-08 15:59:00,-0.013965905133273396
0,2020-01-09 15:59:00,0.012139869196025714
0,2020-01-10 15:59:00,-0.01228527191899637
0,2020-01-13 15:59:00,0.009241942388765844
0,2020-01-14 15:59:00,0.004906797961899106
0,2020-01-15 15:59:00,0.00034217818773370174
0,2020-01-16 15:59:00,0.011384642438268656
0,2020-01-17 15:59:00,0.0008881088486831393
0,2020-01-21 15:59:00,-0.016946913291309904
0,2020-01-22 15:59:00,-0.001953212288712588
0,2020-01-23 15:59:00,-0.0007270560744293879
0,2020-01-24 15:59:00,-0.016671973439175886
0,2020-01-27 15:59:00,-0.025911557805500893
0,2020-01-28 15:59:00,0.0069435430448839056
0,2020-01-29 15:59:00,-0.0011239978642128467
0,2020-01-30 15:59:00,-0.007687087059744803
0,2020-01-31 15:59:00,0.0013086891085397974
0,2020-02-03 15:59:00,0.010305167935365282
0,2020-02-04 15:59:00,0.01876349433928774
0,2020-02-05 15:59:00,0.02020335783303371
0,2020-02-06 15:59:00,-0.020092879456669304
0,2020-02-07 15:59:00,-0.020193373182169926
0,2020-02-10 15:59:00,0.018368834917827117
0,2020-02-11 15:59:00,0.02173575606513041
0,2020-02-12 15:59:00,0.013743329367456255
0,2020-02-13 15:59:00,-0.005274512962643846
0,2020-02-14 15:59:00,-0.015351355489452378
0,2020-02-18 15:59:00,-0.009667281487590907
0,2020-02-19 15:59:00,0.014220532000887591
0,2020-02-20 15:59:00,0.010933655443996675
0,2020-02-21 15:59:00,-0.01820203490567163
0,2020-02-24 15:59:00,-0.045278092088464825
0,2020-02-25 15:59:00,-0.04172232572627945
0,2020-02-26 15:59:00,0.009119666795349398
0,2020-02-27 15:59:00,-0.041448790911352826
0,2020-02-28 15:59:00,-0.005298030222414299
0,2020-03-02 15:59:00,0.030394480498951472
0,2020-03-03 15:59:00,-0.02828624799017569
0,2020-03-04 15:59:00,0.03294336349687811
0,2020-03-05 15:59:00,-0.045662794579651805
0,2020-03-06 15:59:00,-0.04667079369493771
0,2020-03-09 15:59:00,-0.14591584574505206
0,2020-03-10 15:59:00,0.0969837245302806
0,2020-03-11 15:59:00,-0.03993469576719081
0,2020-03-12 15:59:00,-0.11522034133989816
0,2020-03-13 15:59:00,0.07473208944548576
0,2020-03-16 15:59:00,-0.15035322051124536
0,2020-03-17 15:59:00,-0.03035819929898265
0,2020-03-18 15:59:00,-0.1575792962768062
0,2020-03-19 15:59:00,0.048585038313992746
0,2020-03-20 15:59:00,0.018181916494013125
0,2020-03-23 15:59:00,-0.025710330693462465
0,2020-03-24 15:59:00,0.1885417803398698
0,2020-03-25 15:59:00,0.017889555908903065
0,2020-03-26 15:59:00,0.05372976432171627
0,2020-03-27 15:59:00,-0.0502850873256034
0,2020-03-30 15:59:00,-0.001944145016339092
0,2020-03-31 15:59:00,-0.024933501241515214
0,2020-04-01 15:59:00,-0.07290830077087286
0,2020-04-02 15:59:00,-0.055516011796447384
0,2020-04-03 15:59:00,-0.00792310888678339
0,2020-04-06 15:59:00,0.08265624858590256
0,2020-04-07 15:59:00,0.09196631379010065
0,2020-04-08 15:59:00,0.08440687992212738
0,2020-04-09 15:59:00,0.04146812869581625
0,2020-04-13 15:59:00,-0.04308776285194568
0,2020-04-14 15:59:00,-0.0018818001647154924
0,2020-04-15 15:59:00,-0.0567260699505395
0,2020-04-16 15:59:00,-0.03711698468720893
0,2020-04-17 15:59:00,0.0767510417452415
0,2020-04-20 15:59:00,-0.00326170969651877
0,2020-04-21 15:59:00,-0.05136614763770709
0,2020-04-22 15:59:00,0.003405126279118488
0,2020-04-23 15:59:00,0.011291112914112595
0,2020-04-24 15:59:00,0.020155010607664604
0,2020-04-27 15:59:00,0.023275127282978834
0,2020-04-28 15:59:00,-0.010925076255783598
0,2020-04-29 15:59:00,0.07043780966978164
0,2020-04-30 15:59:00,-0.06372477039393672
0,2020-05-01 15:59:00,-0.06360453009249936
0,2020-05-04 15:59:00,-0.006283379266642052
0,2020-05-05 15:59:00,0.024051867703006033
0,2020-05-06 15:59:00,0.034223770628974096
0,2020-05-07 15:59:00,0.02574604858701979
0,2020-05-08 15:59:00,0.06464810869737525
0,2020-05-11 15:59:00,-0.047915669876328164
0,2020-05-12 15:59:00,-0.010267420433017623
0,2020-05-13 15:59:00,-0.04951589211009893
0,2020-05-14 15:59:00,0.040709481785345406
0,2020-05-15 15:59:00,0.014751347847110697
0,2020-05-18 15:59:00,0.09559243533052805
0,2020-05-19 15:59:00,-0.004416446283805692
0,2020-05-20 15:59:00,0.032777720278229894
0,2020-05-21 15:59:00,0.012925581088601193
0,2020-05-22 15:59:00,0.007087962758835082
0,2020-05-26 15:59:00,0.05496420582888986
0,2020-05-27 15:59:00,0.015946064704951638
0,2020-05-28 15:59:00,-0.04034301712446085
0,2020-05-29 15:59:00,-0.02970761326451482
0,2020-06-01 15:59:00,0.040403329618328945
0,2020-06-02 15:59:00,0.017591036547730834
0,2020-06-03 15:59:00,0.0594215112336071
0,2020-06-04 15:59:00,0.003256741294445087
0,2020-06-05 15:59:00,0.05156814431851498
0,2020-06-08 15:59:00,0.002757237738086604
0,2020-06-09 15:59:00,-0.024990561386783176
0,2020-06-10 15:59:00,-0.037525285841371034
0,2020-06-11 15:59:00,-0.07803247129569811
0,2020-06-12 15:59:00,0.05631331858283259
0,2020-06-15 15:59:00,-0.004395523831663744
0,2020-06-16 15:59:00,0.0015709490163425188
0,2020-06-17 15:59:00,-0.022640842925763554
0,2020-06-18 15:59:00,-0.0022179699924833275
0,2020-06-19 15:59:00,-0.01971824099908875
0,2020-06-22 15:59:00,-0.006586163760200475
0,2020-06-23 15:59:00,-0.004642184436349044
0,2020-06-24 15:59:00,-0.0368993265758091
0,2020-06-25 15:59:00,-0.0010497253187375477
0,2020-06-26 15:59:00,-0.03153719257738306
0,2020-06-29 15:59:00,0.03448118012515554
0,2020-06-30 15:59:00,-0.0001531824573299961
0,2020-07-01 15:59:00,-0.012846245397920364
0,2020-07-02 15:59:00,0.011660476583163744
0,2020-07-06 15:59:00,0.01963203241628025
0,2020-07-07 15:59:00,-0.02364781755140964
0,2020-07-08 15:59:00,-0.006833756396135575
0,2020-07-09 15:59:00,-0.0633776130994551
0,2020-07-10 15:59:00,0.04077955047643796
0,2020-07-13 15:59:00,0.01991937362443513
0,2020-07-14 15:59:00,0.031196269365450915
0,2020-07-15 15:59:00,0.04754806287533503
0,2020-07-16 15:59:00,-0.0004536049975799761
0,2020-07-17 15:59:00,-0.015278078152363506
0,2020-07-20 15:59:00,-0.016631155606027487
0,2020-07-21 15:59:00,0.005915382097169473
0,2020-07-22 15:59:00,0.005972679274857255
0,2020-07-23 15:59:00,0.01749718952886174
0,2020-07-24 15:59:00,-0.018722729110682672
0,2020-07-27 15:59:00,-0.02121574105215656
0,2020-07-28 15:59:00,0.025579231646207654
0,2020-07-29 15:59:00,-0.01694958771063092
0,2020-07-30 15:59:00,-0.02636910267769403
0,2020-07-31 15:59:00,-0.012384741521319104
0,2020-08-03 15:59:00,0.029825688346357893
0,2020-08-04 15:59:00,0.007164251050807923
0,2020-08-05 15:59:00,0.01965446789991072
0,2020-08-06 15:59:00,0.01196524421841153
0,2020-08-07 15:59:00,0.0038719911785787316
0,2020-08-10 15:59:00,0.045934815169293375
0,2020-08-11 15:59:00,0.019345952743804806
0,2020-08-12 15:59:00,-0.016798857762702915
0,2020-08-13 15:59:00,-0.016915284316679515
0,2020-08-14 15:59:00,0.011370856842382105
0,2020-08-17 15:59:00,0.075225385705722
0,2020-08-18 15:59:00,-0.0049423124793406565
0,2020-08-19 15:59:00,-0.020430036854217865
0,2020-08-20 15:59:00,-0.013538130614889586
0,2020-08-21 15:59:00,-0.009598198739815784
0,2020-08-24 15:59:00,0.06032825668073202
0,2020-08-25 15:59:00,-0.020102941432633272
0,2020-08-26 15:59:00,-0.0074767855281799465
0,2020-08-27 15:59:00,0.007447203999286648
0,2020-08-28 15:59:00,0.011174874853353159
0,2020-08-31 15:59:00,-0.013300456319787933
0,2020-09-01 15:59:00,0.00619187589703763
0,2020-09-02 15:59:00,0.03834262806037369
0,2020-09-03 15:59:00,-0.04887801848742698
0,2020-09-04 15:59:00,0.018442168153874974
0,2020-09-08 15:59:00,0.07816967420493526
0,2020-09-09 15:59:00,-0.013021772637497039
0,2020-09-10 15:59:00,-0.056849155438119914
0,2020-09-11 15:59:00,0.00978998807261354
0,2020-09-14 15:59:00,0.023304619179050117
0,2020-09-15 15:59:00,0.013338873135069164
0,2020-09-16 15:59:00,0.00808822409679388
0,2020-09-17 15:59:00,0.003871890411352454
0,2020-09-18 15:59:00,-0.013103557967761718
0,2020-09-21 15:59:00,-0.04744374462706456
0,2020-09-22 15:59:00,-0.019347247645653192
0,2020-09-23 15:59:00,-0.002848463115013283
0,2020-09-24 15:59:00,-0.007855608742053205
0,2020-09-25 15:59:00,-0.0031979150057318377
0,2020-09-28 15:59:00,0.01583149570156175
0,2020-09-29 15:59:00,-0.024215922718832047
0,2020-09-30 15:59:00,0.029396585139640156
0,2020-10-01 15:59:00,0.027014383241776775
0,2020-10-02 15:59:00,0.002787218395270349
0,2020-10-05 15:59:00,0.01619587983093476
0,2020-10-06 15:59:00,-0.0178163449280542
0,2020-10-07 15:59:00,0.039443437649680294
0,2020-10-08 15:59:00,0.01905364104909589
0,2020-10-09 15:59:00,-0.0011415026630142643
0,2020-10-12 15:59:00,0.0010444145083568068
0,2020-10-13 15:59:00,-0.009849815360797173
0,2020-10-14 15:59:00,-0.006146268101656189
0,2020-10-15 15:59:00,0.02896157661170031
0,2020-10-16 15:59:00,0.025959120039048038
0,2020-10-19 15:59:00,-0.0025494565408804362
0,2020-10-20 15:59:00,0.06527424042054482
0,2020-10-21 15:59:00,0.005514326419501336
0,2020-10-22 15:59:00,0.04538298785835677
0,2020-10-23 15:59:00,-0.015639160161551504
0,2020-10-26 15:59:00,-0.02683609857341211
0,2020-10-27 15:59:00,-0.026702955714602426
0,2020-10-28 15:59:00,-0.021932296684486645
0,2020-10-29 15:59:00,0.023034469017465167
0,2020-10-30 15:59:00,-0.00974871268204296
0,2020-11-02 15:59:00,0.000836413456570255
0,2020-11-03 15:59:00,0.022926542914127802
0,2020-11-04 15:59:00,-0.0018176092305774091
0,2020-11-05 15:59:00,0.05311357786680242
0,2020-11-06 15:59:00,0.009162997218071236
0,2020-11-09 15:59:00,0.04095150752224033
0,2020-11-10 15:59:00,0.05386205403138475
0,2020-11-11 15:59:00,-0.013181190946852633
0,2020-11-12 15:59:00,-0.03075377646684536
0,2020-11-13 15:59:00,0.04670101659643034
0,2020-11-16 15:59:00,0.023213149347655344
0,2020-11-17 15:59:00,-0.003581010894877171
0,2020-11-18 15:59:00,0.017853482692510733
0,2020-11-19 15:59:00,0.002628822955583238
0,2020-11-20 15:59:00,0.005273448781645224
0,2020-11-23 15:59:00,0.03973073908472613
0,2020-11-24 15:59:00,0.03755957584695097
0,2020-11-25 15:59:00,-0.020787618994353278
0,2020-11-27 15:59:00,-0.00918899027181099
0,2020-11-30 15:59:00,-0.02701666729870108
0,2020-12-01 15:59:00,0.019163018323123823
0,2020-12-02 15:59:00,-0.002051511209644705
0,2020-12-03 15:59:00,-0.010336054895481223
0,2020-12-04 15:59:00,0.006202157807758394
0,2020-12-07 15:59:00,-0.0014813518591865087
0,2020-12-08 15:59:00,-0.011350969918702958
0,2020-12-09 15:59:00,0.014197952711590913
0,2020-12-10 15:59:00,-0.03505523480543315
0,2020-12-11 15:59:00,-0.02225693169425982
0,2020-12-14 15:59:00,-0.007015586512687028
0,2020-12-15 15:59:00,0.0013772526705677548
0,2020-12-16 15:59:00,-0.00613259784031309
0,2020-12-17 15:59:00,0.015036070552314212
0,2020-12-18 15:59:00,-0.028549111463629255
0,2020-12-21 15:59:00,0.009097584782633632
0,2020-12-22 15:59:00,-0.007443492800131068
0,2020-12-23 15:59:00,0.03764053147727991
0,2020-12-24 15:59:00,-0.020540856833403967
0,2020-12-28 15:59:00,0.0022707651190054055
0,2020-12-29 15:59:00,-0.0022707620938273877
0,2020-12-30 15:59:00,0.006557020659589042
0,2020-12-31 15:59:00,-0.004936012633082704
0,2021-01-04 15:59:00,-0.027531567542721465
0,2021-01-05 15:59:00,0.028901537900534135
0,2021-01-06 15:59:00,0.03144347817705248
0,2021-01-07 15:59:00,0.00827319159162453
0,2021-01-08 15:59:00,-0.005765337847403192
0,2021-01-11 15:59:00,0.04397357740961326
0,2021-01-12 15:59:00,0.06234532322616251
0,2021-01-13 15:59:00,0.020246725841538114
0,2021-01-14 15:59:00,0.05640515225236371
0,2021-01-15 15:59:00,-0.030343896410007995
0,2021-01-19 15:59:00,0.09610833086875477
0,2021-01-20 15:59:00,0.018600213427810805
0,2021-01-21 15:59:00,-0.013625847235528003
0,2021-01-22 15:59:00,0.005891404229382292
0,2021-01-25 15:59:00,-0.03603589166436149
0,2021-01-26 15:59:00,-0.025491760001027916
0,2021-01-27 15:59:00,-0.05148840304840709
0,2021-01-28 15:59:00,0.03445972244954369
0,2021-01-29 15:59:00,-0.006744316668376868
0,2021-02-01 15:59:00,0.016620669949540545
0,2021-02-02 15:59:00,0.02365575121090572
0,2021-02-03 15:59:00,0.029322582664960642
0,2021-02-04 15:59:00,-0.0017729811203057604
0,2021-02-05 15:59:00,0.005000685220872583
0,2021-02-08 15:59:00,0.044669864277060364
0,2021-02-09 15:59:00,-0.01312297016886602
0,2021-02-10 15:59:00,-0.020415739844834354
0,2021-02-11 15:59:00,-0.025738590344803847
0,2021-02-12 15:59:00,0.0018319361142237584
0,2021-02-16 15:59:00,-0.001742862796820556
0,2021-02-17 15:59:00,-0.010789866862003616
0,2021-02-18 15:59:00,-0.013941054781075357
0,2021-02-19 15:59:00,0.00814341978654669
0,2021-02-22 15:59:00,-0.011148243178562951
0,2021-02-23 15:59:00,-0.016757237721465812
0,2021-02-24 15:59:00,0.03484620908495426
0,2021-02-25 15:59:00,-0.04411504187671801
0,2021-02-26 15:59:00,0.015049155197762605
0,2021-03-01 15:59:00,0.0236106687509151
0,2021-03-02 15:59:00,0.029561873624667393
0,2021-03-03 15:59:00,-0.02704763347024146
0,2021-03-04 15:59:00,-0.015061776564476947
0,2021-03-05 15:59:00,0.03707083328625242
0,2021-03-08 15:59:00,0.022870854252494795
0,2021-03-09 15:59:00,-0.005995776540918298
0,2021-03-10 15:59:00,0.03952146690822492
0,2021-03-11 15:59:00,-0.008584169348891764
0,2021-03-12 15:59:00,0.05122247543298968
0,2021-03-15 15:59:00,-0.022316344345751412
0,2021-03-16 15:59:00,-0.014051230548304169
0,2021-03-17 15:59:00,0.050244715341463866
0,2021-03-18 15:59:00,-0.012918462489772846
0,2021-03-19 15:59:00,0.009544726052037173
0,2021-03-22 15:59:00,-0.028800460060330144
0,2021-03-23 15:59:00,-0.03366661363645381
0,2021-03-24 15:59:00,-0.00560297934259549
0,2021-03-25 15:59:00,0.014463384974106212
0,2021-03-26 15:59:00,-0.001188997649728945
0,2021-03-29 15:59:00,-0.009903322815207977
0,2021-03-30 15:59:00,0.045210601351643925
0,2021-03-31 15:59:00,-0.01777580858627848
0,2021-04-01 15:59:00,0.0058909993907700214
0,2021-04-05 15:59:00,0.05472273008193256
0,2021-04-06 15:59:00,0.014797551984010806
0,2021-04-07 15:59:00,-0.017772271840456672
0,2021-04-08 15:59:00,-0.01240558308116603
0,2021-04-09 15:59:00,0.001581878729355677
0,2021-04-12 15:59:00,-0.008277834829064327
0,2021-04-13 15:59:00,-0.019656077318169887
0,2021-04-14 15:59:00,-7.03618809326644e-05
0,2021-04-15 15:59:00,0.0024145880785488008
0,2021-04-16 15:59:00,0.0019719229422316188
0,2021-04-19 15:59:00,-0.01428588857222519
0,2021-04-20 15:59:00,-0.03644368300467668
0,2021-04-21 15:59:00,0.030451474370094156
0,2021-04-22 15:59:00,-0.014161013875379515
0,2021-04-23 15:59:00,0.014980375398792802
0,2021-04-26 15:59:00,0.01223759608488784
0,2021-04-27 15:59:00,0.013064119952680973
0,2021-04-28 15:59:00,-0.006720059796361067
0,2021-04-29 15:59:00,-0.034467653151901874
0,2021-04-30 15:59:00,0.0113734351764684
0,2021-05-03 15:59:00,-0.0012392476724610814
0,2021-05-04 15:59:00,-0.03165664373909847
0,2021-05-05 15:59:00,0.041077740437814245
0,2021-05-06 15:59:00,0.019288285111624105
0,2021-05-07 15:59:00,0.004802452948225041
0,2021-05-10 15:59:00,-0.026832747253132814
0,2021-05-11 15:59:00,-0.029708360434657653
0,2021-05-12 15:59:00,-0.03543249168819544
0,2021-05-13 15:59:00,0.01577329152646056
0,2021-05-14 15:59:00,0.025470617123048423
0,2021-05-17 15:59:00,0.0006737441093757383
0,2021-05-18 15:59:00,-0.002446938739240249
0,2021-05-19 15:59:00,-0.005917759704669554
0,2021-05-20 15:59:00,-0.00023488166184813342
0,2021-05-21 15:59:00,0.02174620113221456
0,2021-05-24 15:59:00,-0.002356252908457885
0,2021-05-25 15:59:00,0.003310950249362178
0,2021-05-26 15:59:00,0.023100233369637038
0,2021-05-27 15:59:00,0.02825547268926791
0,2021-05-28 15:59:00,-0.005908387092735256
0,2021-06-01 15:59:00,0.005420272705050324
0,2021-06-02 15:59:00,0.00010608149144647288
0,2021-06-03 15:59:00,0.06255284443380696
0,2021-06-04 15:59:00,-0.0011998216041021346
0,2021-06-07 15:59:00,-0.002193675911580667
0,2021-06-08 15:59:00,0.011108833689375019
0,2021-06-09 15:59:00,-0.01805932753182507
0,2021-06-10 15:59:00,-0.02295047238183343
0,2021-06-11 15:59:00,0.0024985127985212288
0,2021-06-14 15:59:00,-0.01118009898416356
0,2021-06-15 15:59:00,0.00026029578681836915
0,2021-06-16 15:59:00,0.016331515279410236
0,2021-06-17 15:59:00,-0.02740736081601703
0,2021-06-18 15:59:00,-0.0220255629720695
0,2021-06-21 15:59:00,0.009287876019196967
0,2021-06-22 15:59:00,-0.0007838245036922286
0,2021-06-23 15:59:00,0.014842346643882062
0,2021-06-24 15:59:00,-0.0010992177396857033
0,2021-06-25 15:59:00,0.0038680246756709205
0,2021-06-28 15:59:00,-0.02749546285220884
0,2021-06-29 15:59:00,0.0035325883550686335
0,2021-06-30 15:59:00,0.005652828188398372
0,2021-07-01 15:59:00,-0.0009394163360095591
0,2021-07-02 15:59:00,-0.002493140477878758
0,2021-07-06 15:59:00,-0.02557081768172509
0,2021-07-07 15:59:00,-0.015024297066368462
0,2021-07-08 15:59:00,-0.008989632468938902
0,2021-07-09 15:59:00,0.04805998377962724
0,2021-07-12 15:59:00,0.003887738501666949
0,2021-07-13 15:59:00,-0.00427366813416873
0,2021-07-14 15:59:00,-0.012071868141280959
0,2021-07-15 15:59:00,-0.018226654453459782
0,2021-07-16 15:59:00,-0.02661296886542944
0,2021-07-19 15:59:00,-0.022392999269760922
0,2021-07-20 15:59:00,0.035707137692989235
0,2021-07-21 15:59:00,0.016066631565696748
0,2021-07-22 15:59:00,-0.024892650515856353
0,2021-07-23 15:59:00,-0.012524154216018928
0,2021-07-26 15:59:00,0.01529350557816279
0,2021-07-27 15:59:00,-0.014051663535707349
0,2021-07-28 15:59:00,0.009159244343905052
0,2021-07-29 15:59:00,0.0322567324912598
0,2021-07-30 15:59:00,-0.007543776226746443
0,2021-08-02 15:59:00,0.0035221499253892193
0,2021-08-03 15:59:00,0.01545998402149777
0,2021-08-04 15:59:00,-0.092256738949275
0,2021-08-05 15:59:00,0.03254158616037883
0,2021-08-06 15:59:00,0.01110904195812956
0,2021-08-09 15:59:00,-0.019794159299333224
0,2021-08-10 15:59:00,0.005602707326389069
0,2021-08-11 15:59:00,0.0002765332835825481
0,2021-08-12 15:59:00,0.006897362362504817
0,2021-08-13 15:59:00,-0.017870035097569
0,2021-08-16 15:59:00,-0.013089037240553644
0,2021-08-17 15:59:00,-0.04766699028635223
0,2021-08-18 15:59:00,0.007440591530605407
0,2021-08-19 15:59:00,-0.03494913130648104
0,2021-08-20 15:59:00,-0.005610822991721791
0,2021-08-23 15:59:00,-0.012751708398964013
0,2021-08-24 15:59:00,0.028393688905030596
0,2021-08-25 15:59:00,0.0028886192571941044
0,2021-08-26 15:59:00,-0.021837227417530452
0,2021-08-27 15:59:00,0.024259610038535134
0,2021-08-30 15:59:00,-0.012695118498979275
0,2021-08-31 15:59:00,-0.003289429131061173
0,2021-09-01 15:59:00,0.002336921641400068
0,2021-09-02 15:59:00,-0.0031762844284047016
0,2021-09-03 15:59:00,-0.0025737731755852726
0,2021-09-07 15:59:00,-0.0021583918070102385
0,2021-09-08 15:59:00,0.005269978563218997
0,2021-09-09 15:59:00,-0.010964499415423158
0,2021-09-10 15:59:00,0.02207446274068328
0,2021-09-13 15:59:00,0.02673599551799297
0,2021-09-14 15:59:00,-0.0014517005832691177
0,2021-09-15 15:59:00,0.02114498812389907
0,2021-09-16 15:59:00,-0.0056916711531267445
0,2021-09-17 15:59:00,-0.0036036253855155098
0,2021-09-20 15:59:00,-0.0376246681985685
0,2021-09-21 15:59:00,-0.00047287311827152166
0,2021-09-22 15:59:00,0.029024859954305496
0,2021-09-23 15:59:00,0.021936357947917096
0,2021-09-24 15:59:00,0.006425149803609627
0,2021-09-27 15:59:00,0.01929459359316568
0,2021-09-28 15:59:00,-0.007305802242630413
0,2021-09-29 15:59:00,0.001445034047386103
0,2021-09-30 15:59:00,-0.004208712542108892
0,2021-10-01 15:59:00,0.008752736724099035
0,2021-10-04 15:59:00,0.016450761063365807
0,2021-10-05 15:59:00,0.006767289551938876
0,2021-10-06 15:59:00,-0.007260937303277313
0,2021-10-07 15:59:00,0.045874751942568216
0,2021-10-08 15:59:00,0.03716226226102236
0,2021-10-11 15:59:00,-0.007894204991966728
0,2021-10-12 15:59:00,0.01468773220870185
0,2021-10-13 15:59:00,-0.020221808142541046
0,2021-10-14 15:59:00,-0.001128983537738624
0,2021-10-15 15:59:00,0.005535751199167787
0,2021-10-18 15:59:00,-0.019343292655123613
0,2021-10-19 15:59:00,-0.00029778321186347406
0,2021-10-20 15:59:00,0.014264818934891151
0,2021-10-21 15:59:00,0.012675456273752965
0,2021-10-22 15:59:00,-0.010593945283276878
0,2021-10-25 15:59:00,-0.00023599303222015307
0,2021-10-26 15:59:00,-0.006999561745146458
0,2021-10-27 15:59:00,-0.05469211230837249
0,2021-10-28 15:59:00,-6.004442447273819e-05
0,2021-10-29 15:59:00,0.003623042343011461
0,2021-11-01 15:59:00,0.0193964450137852
0,2021-11-02 15:59:00,0.0019636587075773106
0,2021-11-03 15:59:00,0.007300380194908926
0,2021-11-04 15:59:00,0.04630064509921677
0,2021-11-05 15:59:00,-0.0016452509473681284
0,2021-11-08 15:59:00,0.01826437489614815
0,2021-11-09 15:59:00,-0.016334535369284347
0,2021-11-10 15:59:00,0.011594508457785504
0,2021-11-11 15:59:00,0.04234994843214303
0,2021-11-12 15:59:00,0.025273941428102954
0,2021-11-15 15:59:00,-0.006484722538786932
0,2021-11-16 15:59:00,-0.005587532890421938
0,2021-11-17 15:59:00,0.03159117353848569
0,2021-11-18 15:59:00,-0.03584898406423448
0,2021-11-19 15:59:00,-0.00819037030196358
0,2021-11-22 15:59:00,0.036323665697455744
0,2021-11-23 15:59:00,-0.015613461152624847
0,2021-11-24 15:59:00,-0.013529276475660065
0,2021-11-26 15:59:00,-0.03195827802051488
0,2021-11-29 15:59:00,-0.005306543884539305
0,2021-11-30 15:59:00,-0.033117891287777916
0,2021-12-01 15:59:00,0.004035260531911655
0,2021-12-02 15:59:00,0.05039481014133176
0,2021-12-03 15:59:00,-0.02123956610264984
0,2021-12-06 15:59:00,0.0028059563883969124
0,2021-12-07 15:59:00,0.027447416376871883
0,2021-12-08 15:59:00,-0.012141744894686139
0,2021-12-09 15:59:00,-0.01894660263184532
0,2021-12-10 15:59:00,0.058631795597099634
0,2021-12-13 15:59:00,-0.06600431631439178
0,2021-12-14 15:59:00,-0.011886640811905082
0,2021-12-15 15:59:00,0.003032986560959197
0,2021-12-16 15:59:00,-0.003074401729107766
0,2021-12-17 15:59:00,-0.055527113063490174
0,2021-12-20 15:59:00,-0.020125426593074498
0,2021-12-21 15:59:00,0.01396522448903052
0,2021-12-22 15:59:00,0.023414608768352375
0,2021-12-23 15:59:00,0.014618679843424614
0,2021-12-27 15:59:00,0.009354393353849433
0,2021-12-28 15:59:00,-0.0053103852734414005
0,2021-12-29 15:59:00,0.002200890047048087
0,2021-12-30 15:59:00,0.015876444211022717
0,2021-12-31 15:59:00,0.008138512510379467
0,2022-01-03 15:59:00,0.04324613968987739
0,2022-01-04 15:59:00,0.07254742481967962
0,2022-01-05 15:59:00,-0.046419640982707164
0,2022-01-06 15:59:00,0.0024836574366108016
0,2022-01-07 15:59:00,-0.00929622357442285
0,2022-01-10 15:59:00,-0.018987062519850724
0,2022-01-11 15:59:00,0.006369586962300157
0,2022-01-12 15:59:00,-0.006403775467536524
0,2022-01-13 15:59:00,0.012316355720960048
0,2022-01-14 15:59:00,-0.010869921273778421
0,2022-01-18 15:59:00,-0.03820551661743832
0,2022-01-19 15:59:00,-0.04395829848348706
0,2022-01-20 15:59:00,-0.028663068921379247
0,2022-01-21 15:59:00,-0.024892025519567262
0,2022-01-24 15:59:00,-0.010460532428826701
0,2022-01-25 15:59:00,-0.013447969767249646
0,2022-01-26 15:59:00,0.01010801355820997
0,2022-01-27 15:59:00,-0.017462240884549774
0,2022-01-28 15:59:00,-0.023043662072615313
0,2022-01-31 15:59:00,0.04808011067073197
0,2022-02-01 15:59:00,0.024504161579905162
0,2022-02-02 15:59:00,-0.008713034050519292
0,2022-02-03 15:59:00,-0.006384705390404383
0,2022-02-04 15:59:00,-0.03427767082710687
0,2022-02-07 15:59:00,-0.010988888951170669
0,2022-02-08 15:59:00,-0.02369108041909541
0,2022-02-09 15:59:00,0.025654850312127338
0,2022-02-10 15:59:00,-0.007064408364026487
0,2022-02-11 15:59:00,-0.030327677618494392
0,2022-02-14 15:59:00,-0.008380652354711802
0,2022-02-15 15:59:00,0.02568101475483135
0,2022-02-16 15:59:00,0.01561990292517101
0,2022-02-17 15:59:00,-0.0320204343654239
0,2022-02-18 15:59:00,-0.004061952635629698
0,2022-02-22 15:59:00,-0.03791249809979019
0,2022-02-23 15:59:00,-0.007837274995756706
0,2022-02-24 15:59:00,0.000674705348661923
0,2022-02-25 15:59:00,0.023218982119855458
0,2022-02-28 15:59:00,-0.014759663873548247
0,2022-03-01 15:59:00,-0.04772770863296138
0,2022-03-02 15:59:00,0.039757600008693536
0,2022-03-03 15:59:00,-0.030677779271472725
0,2022-03-04 15:59:00,-0.056350755423402545
0,2022-03-07 15:59:00,-0.0626747086823039
0,2022-03-08 15:59:00,0.010187883901828041
0,2022-03-09 15:59:00,0.05194295074369341
0,2022-03-10 15:59:00,-0.009551736096893682
0,2022-03-11 15:59:00,-0.007925290968110114
0,2022-03-14 15:59:00,-0.015943499111839874
0,2022-03-15 15:59:00,0.031958523447387824
0,2022-03-16 15:59:00,0.04020619386911238
0,2022-03-17 15:59:00,-0.003525133193981631
0,2022-03-18 15:59:00,0.02619640347957482
0,2022-03-21 15:59:00,-0.026657903548609738
0,2022-03-22 15:59:00,0.021852690348970607
0,2022-03-23 15:59:00,-0.017837022861260498
0,2022-03-24 15:59:00,0.013107480555101214
0,2022-03-25 15:59:00,-0.015563409365609283
0,2022-03-28 15:59:00,0.013125383795882684
0,2022-03-29 15:59:00,0.04582216204592962
0,2022-03-30 15:59:00,-0.022589652087482384
0,2022-03-31 15:59:00,-0.03309246757229819
0,2022-04-01 15:59:00,-0.01776710966486852
0,2022-04-04 15:59:00,0.0052721681074621145
0,2022-04-05 15:59:00,-0.041160104793455075
0,2022-04-06 15:59:00,-0.04718996922718177
0,2022-04-07 15:59:00,-0.019275237005774326
0,2022-04-08 15:59:00,0.01662986566006009
0,2022-04-11 15:59:00,0.02441300289322568
0,2022-04-12 15:59:00,-0.0068230165569828855
0,2022-04-13 15:59:00,0.0046545017740907664
0,2022-04-14 15:59:00,-0.0020925652330220953
0,2022-04-18 15:59:00,0.01254090818976927
0,2022-04-19 15:59:00,0.03525790878065489
0,2022-04-20 15:59:00,-0.008371411373182883
0,2022-04-21 15:59:00,-0.023472924025431538
0,2022-04-22 15:59:00,-0.0213432379689038
0,2022-04-25 15:59:00,-0.0004890876710909639
0,2022-04-26 15:59:00,-0.045255262504443505
0,2022-04-27 15:59:00,0.01706884733680714
0,2022-04-28 15:59:00,0.0026391159455069592
0,2022-04-29 15:59:00,-0.021548148358150356
0,2022-05-02 15:59:00,0.01421865370155643
0,2022-05-03 15:59:00,0.038567078015988104
0,2022-05-04 15:59:00,0.03065287172927873
0,2022-05-05 15:59:00,-0.029614742081802984
0,2022-05-06 15:59:00,-0.008151641224476204
0,2022-05-09 15:59:00,-0.03421478123031883
0,2022-05-10 15:59:00,0.012049127003199555
0,2022-05-11 15:59:00,-0.03668522436647555
0,2022-05-12 15:59:00,-0.044856610218659096
0,2022-05-13 15:59:00,0.07250258842820487
0,2022-05-16 15:59:00,-0.028838900475021495
0,2022-05-17 15:59:00,0.027108970002380356
0,2022-05-18 15:59:00,-0.061042339247522635
0,2022-05-19 15:59:00,0.009147525059969977
0,2022-05-20 15:59:00,-0.020370082594119494
0,2022-05-23 15:59:00,0.017464731400851426
0,2022-05-24 15:59:00,-0.021214976663472364
0,2022-05-25 15:59:00,0.021659666785150626
0,2022-05-26 15:59:00,0.039265223090104995
0,2022-05-27 15:59:00,0.030330141329773932
0,2022-05-31 15:59:00,0.0036488673290923754
0,2022-06-01 15:59:00,-0.010888136015262931
0,2022-06-02 15:59:00,0.016354494391077726
0,2022-06-03 15:59:00,-0.03300542851305689
0,2022-06-06 15:59:00,0.005713611325971591
0,2022-06-07 15:59:00,0.01538737994680138
0,2022-06-08 15:59:00,-0.017848144440345173
0,2022-06-09 15:59:00,-0.028080517393336397
0,2022-06-10 15:59:00,-0.044688946351222406
0,2022-06-13 15:59:00,-0.0803045037950184
0,2022-06-14 15:59:00,0.028860322201799286
0,2022-06-15 15:59:00,0.0294277492787521
0,2022-06-16 15:59:00,-0.08223558168380347
0,2022-06-17 15:59:00,0.014005879591390607
0,2022-06-21 15:59:00,0.02489683127457456
0,2022-06-22 15:59:00,0.005775726101952308
0,2022-06-23 15:59:00,0.005474065199680899
0,2022-06-24 15:59:00,0.05457534126427524
0,2022-06-27 15:59:00,-0.005302182601694107
0,2022-06-28 15:59:00,-0.018851035580490786
0,2022-06-29 15:59:00,-0.01562314120449133
0,2022-06-30 15:59:00,-0.049993463780090806
0,2022-07-01 15:59:00,0.013122150558007448
0,2022-07-05 15:59:00,0.0068302359039649286
0,2022-07-06 15:59:00,-0.03420831433925367
0,2022-07-07 15:59:00,0.04359212072082277
0,2022-07-08 15:59:00,-0.00985978791186382
0,2022-07-11 15:59:00,-0.04526480991466652
0,2022-07-12 15:59:00,0.02148542962370775
0,2022-07-13 15:59:00,0.006050668667101493
0,2022-07-14 15:59:00,-0.003720770847527309
0,2022-07-15 15:59:00,0.040259787784371046
0,2022-07-18 15:59:00,-0.0069963194560665985
0,2022-07-19 15:59:00,0.053296004149454144
0,2022-07-20 15:59:00,0.010770141430926942
0,2022-07-21 15:59:00,0.010963773606515003
0,2022-07-22 15:59:00,-0.012342525525936036
0,2022-07-25 15:59:00,-0.0035068474294075256
0,2022-07-26 15:59:00,-0.03533982002140901
0,2022-07-27 15:59:00,0.03972648891286273
0,2022-07-28 15:59:00,0.030397369653594353
0,2022-07-29 15:59:00,0.015339762011914445
0,2022-08-01 15:59:00,0.013965469694124075
0,2022-08-02 15:59:00,-0.017393460123259114
0,2022-08-03 15:59:00,0.032592360345084705
0,2022-08-04 15:59:00,-0.029414597732674592
0,2022-08-05 15:59:00,-0.004244719904186519
0,2022-08-08 15:59:00,0.041381661752714745
0,2022-08-09 15:59:00,-0.025699691188458124
0,2022-08-10 15:59:00,0.03672401922650889
0,2022-08-11 15:59:00,0.01408882459765178
0,2022-08-12 15:59:00,0.025794901344363727
0,2022-08-15 15:59:00,-0.001844807117589665
0,2022-08-16 15:59:00,-0.010060385368727557
0,2022-08-17 15:59:00,-0.014663100065858628
0,2022-08-18 15:59:00,0.008656153203160337
0,2022-08-19 15:59:00,0.025389127063542766
0,2022-08-22 15:59:00,-0.028921095224905016
0,2022-08-23 15:59:00,0.000271664896105109
0,2022-08-24 15:59:00,0.018271718632112844
0,2022-08-25 15:59:00,0.02962150285088633
0,2022-08-26 15:59:00,-0.029618770598373503
0,2022-08-29 15:59:00,0.007059364545152068
0,2022-08-30 15:59:00,-0.008982297702727451
0,2022-08-31 15:59:00,-0.024357334814479853
0,2022-09-01 15:59:00,0.009646112631408521
0,2022-09-02 15:59:00,-0.001160934629174497
0,2022-09-06 15:59:00,0.006274636380764301
0,2022-09-07 15:59:00,0.035664124648190715
0,2022-09-08 15:59:00,0.009801938023667842
0,2022-09-09 15:59:00,0.019120624177375378
0,2022-09-12 15:59:00,0.019509118641481697
0,2022-09-13 15:59:00,-0.03696819344043386
0,2022-09-14 15:59:00,0.0027848534679808185
0,2022-09-15 15:59:00,0.0010730803498090447
0,2022-09-16 15:59:00,-0.01739905474628747
0,2022-09-19 15:59:00,0.03608412747527878
0,2022-09-20 15:59:00,-0.0577181295603233
0,2022-09-21 15:59:00,-0.03569531671184196
0,2022-09-22 15:59:00,-0.008033243353395114
0,2022-09-23 15:59:00,-0.05036880944339752
0,2022-09-26 15:59:00,-0.012365304362792855
0,2022-09-27 15:59:00,-0.00996268567359081
0,2022-09-28 15:59:00,0.015429454976300697
0,2022-09-29 15:59:00,-0.056443691183138585
0,2022-09-30 15:59:00,-0.03445935968616792
0,2022-10-03 15:59:00,0.02288810077072654
0,2022-10-04 15:59:00,0.08721457511219392
0,2022-10-05 15:59:00,-0.026204106998112
0,2022-10-06 15:59:00,-0.005811500145129804
0,2022-10-07 15:59:00,-0.02928845513306404
0,2022-10-10 15:59:00,-0.039267750638493026
0,2022-10-11 15:59:00,-0.006261378877779301
0,2022-10-12 15:59:00,0.00400584558820413
0,2022-10-13 15:59:00,0.017961586784460765
0,2022-10-14 15:59:00,0.0050574014343382385
0,2022-10-17 15:59:00,0.02133194835889186
0,2022-10-18 15:59:00,0.02036476486056663
0,2022-10-19 15:59:00,-0.017617068819783935
0,2022-10-20 15:59:00,-0.00659069242979512
0,2022-10-21 15:59:00,0.046412601253628644
0,2022-10-24 15:59:00,0.021032538658609674
0,2022-10-25 15:59:00,0.03728753572054262
0,2022-10-26 15:59:00,0.02293015730127875
0,2022-10-27 15:59:00,0.00738875456430235
0,2022-10-28 15:59:00,0.018077189496204713
0,2022-10-31 15:59:00,0.010669614783165454
0,2022-11-01 15:59:00,0.002229113577568426
0,2022-11-02 15:59:00,-0.0208543968021551
0,2022-11-03 15:59:00,0.000251164933344544
0,2022-11-04 15:59:00,0.014029910515836647
0,2022-11-07 15:59:00,0.009344713117666187
0,2022-11-08 15:59:00,-0.008281087054372945
0,2022-11-09 15:59:00,-0.02543108869583829
0,2022-11-10 15:59:00,0.042611866613162505
0,2022-11-11 15:59:00,0.036068079629107554
0,2022-11-14 15:59:00,-0.028931838167476895
0,2022-11-15 15:59:00,0.0074833820869426495
0,2022-11-16 15:59:00,-0.0439928750035302
0,2022-11-17 15:59:00,0.005162227480622105
0,2022-11-18 15:59:00,0.027983064030180603
0,2022-11-21 15:59:00,-0.0055335519112243315
0,2022-11-22 15:59:00,0.011166308699141626
0,2022-11-23 15:59:00,0.003358229564799146
0,2022-11-25 15:59:00,0.008998992497140944
0,2022-11-28 15:59:00,-0.02661560532356148
0,2022-11-29 15:59:00,0.009212867750748295
0,2022-11-30 15:59:00,0.01935780176875523
0,2022-12-01 15:59:00,-0.0020409965812146925
0,2022-12-02 15:59:00,-0.01327439936821219
0,2022-12-05 15:59:00,-0.02781798574239283
0,2022-12-06 15:59:00,-0.020192748967658766
0,2022-12-07 15:59:00,-0.0019215636386441322
0,2022-12-08 15:59:00,0.007478984989120007
0,2022-12-09 15:59:00,0.0019793032855881312
0,2022-12-12 15:59:00,0.0059281313819786515
0,2022-12-13 15:59:00,0.008119977500008823
0,2022-12-14 15:59:00,-0.01127601400195121
0,2022-12-15 15:59:00,-0.018979120388817418
0,2022-12-16 15:59:00,-0.04015467568871123
0,2022-12-19 15:59:00,-0.019415286445794096
0,2022-12-20 15:59:00,-0.00588283088663436
0,2022-12-21 15:59:00,0.019600680944628388
0,2022-12-22 15:59:00,-0.06787682808794836
0,2022-12-23 15:59:00,0.009678811499077481
0,2022-12-27 15:59:00,-0.014999448934437295
0,2022-12-28 15:59:00,-0.024299863061055138
0,2022-12-29 15:59:00,0.03480424093514281
0,2022-12-30 15:59:00,-0.0007357315149300117
0,2023-01-03 15:59:00,0.0054038857092018845
0,2023-01-04 15:59:00,0.025651648180785445
0,2023-01-05 15:59:00,0.009233322296559298
0,2023-01-06 15:59:00,0.026019813996787624
0,2023-01-09 15:59:00,0.0006699905333507638
0,2023-01-10 15:59:00,0.03259120863036312
0,2023-01-11 15:59:00,0.0190788301885272
0,2023-01-12 15:59:00,0.01331401309012482
0,2023-01-13 15:59:00,-0.04682804621145778
0,2023-01-17 15:59:00,0.002922286924689578
0,2023-01-18 15:59:00,-0.004438836813358333
0,2023-01-19 15:59:00,-0.019200914560613496
0,2023-01-20 15:59:00,-0.010846092066102183
0,2023-01-23 15:59:00,0.030832982615699906
0,2023-01-24 15:59:00,-0.006660828610617387
0,2023-01-25 15:59:00,0.003752437475284402
0,2023-01-26 15:59:00,0.004695185832069363
0,2023-01-27 15:59:00,0.039789867297870526
0,2023-01-30 15:59:00,-0.04426145699712827
0,2023-01-31 15:59:00,0.08363877948724001
0,2023-02-01 15:59:00,-8.210166341573029e-05
0,2023-02-02 15:59:00,0.05421354993782206
0,2023-02-03 15:59:00,-0.008197699291670125
0,2023-02-06 15:59:00,0.005221564089993599
0,2023-02-07 15:59:00,0.0021143472584988993
0,2023-02-08 15:59:00,0.004001433640691023
0,2023-02-09 15:59:00,0.001235609025146352
0,2023-02-10 15:59:00,-0.005996101380146188
0,2023-02-13 15:59:00,0.01641132830545655
0,2023-02-14 15:59:00,0.008929839086917513
0,2023-02-15 15:59:00,0.012979714874862727
0,2023-02-16 15:59:00,0.0036651905077001636
0,2023-02-17 15:59:00,0.001738280815031429
0,2023-02-21 15:59:00,-0.04822906014540333
0,2023-02-22 15:59:00,-0.005485363025064055
0,2023-02-23 15:59:00,-0.04094259168257222
0,2023-02-24 15:59:00,-0.001613011580256405
0,2023-02-27 15:59:00,0.003470530927635701
0,2023-02-28 15:59:00,-0.013956855581604866
0,2023-03-01 15:59:00,-0.0006203773299084381
0,2023-03-02 15:59:00,0.021174606188232446
0,2023-03-03 15:59:00,0.03627415691317415
0,2023-03-06 15:59:00,-0.013409765969842691
0,2023-03-07 15:59:00,-0.01732631259360259
0,2023-03-08 15:59:00,0.00039953517395777864
0,2023-03-09 15:59:00,-0.04973310423150262
0,2023-03-10 15:59:00,-0.034742041554464725
0,2023-03-13 15:59:00,-0.019936421975491427
0,2023-03-14 15:59:00,-0.004285159055295583
0,2023-03-15 15:59:00,-0.035160815194280264
0,2023-03-16 15:59:00,0.008391301360900712
0,2023-03-17 15:59:00,-0.03616791225965821
0,2023-03-20 15:59:00,0.007087750487172499
0,2023-03-21 15:59:00,0.044297069422630314
0,2023-03-22 15:59:00,-0.030257752964755923
0,2023-03-23 15:59:00,-0.008843264357717673
0,2023-03-24 15:59:00,-0.0006246718624033273
0,2023-03-27 15:59:00,0.022325809764011276
0,2023-03-28 15:59:00,-0.007619946620553488
0,2023-03-29 15:59:00,0.043245111963348036
0,2023-03-30 15:59:00,0.008204645852491066
0,2023-03-31 15:59:00,0.01874759384774795
0,2023-04-03 15:59:00,-0.010153191597077216
0,2023-04-04 15:59:00,-0.015145171947146435
0,2023-04-05 15:59:00,-0.017807153635209932
0,2023-04-06 15:59:00,-0.014255620675723432
0,2023-04-10 15:59:00,0.03284225724774679
0,2023-04-11 15:59:00,-0.009134443851807398
0,2023-04-12 15:59:00,-0.022076376552363407
0,2023-04-13 15:59:00,-0.002379361500946301
0,2023-04-14 15:59:00,-0.0015338773730929384
0,2023-04-17 15:59:00,0.01933225057987665
0,2023-04-18 15:59:00,0.0046658542634273725
0,2023-04-19 15:59:00,-0.02056033101468205
0,2023-04-20 15:59:00,-0.02935930573055333
0,2023-04-21 15:59:00,0.0004561973677202632
0,2023-04-24 15:59:00,0.021733788887646082
0,2023-04-25 15:59:00,-0.04013724645736025
0,2023-04-26 15:59:00,-0.02148836901533937
0,2023-04-27 15:59:00,0.01603890953609133
0,2023-04-28 15:59:00,0.009564367650949462
0,2023-05-01 15:59:00,0.013679151172667232
0,2023-05-02 15:59:00,-0.01121854384198037
0,2023-05-03 15:59:00,-0.018696924378837708
0,2023-05-04 15:59:00,-0.024083783251787432
0,2023-05-05 15:59:00,0.04911925657725409
0,2023-05-08 15:59:00,0.01175289939421146
0,2023-05-09 15:59:00,-0.011196623409083036
0,2023-05-10 15:59:00,-0.006027499157642962
0,2023-05-11 15:59:00,0.0010068381452808407
0,2023-05-12 15:59:00,-0.0212608668419235
0,2023-05-15 15:59:00,-0.0008371249050562559
0,2023-05-16 15:59:00,-0.025789030714365883
0,2023-05-17 15:59:00,0.0282536593638217
0,2023-05-18 15:59:00,0.013579523811737982
0,2023-05-19 15:59:00,-0.006459281909624136
0,2023-05-22 15:59:00,0.006332702065948492
0,2023-05-23 15:59:00,0.016750459014664206
0,2023-05-24 15:59:00,-0.03448267227714598
0,2023-05-25 15:59:00,0.004451040196979014
0,2023-05-26 15:59:00,0.026655236419411636
0,2023-05-30 15:59:00,0.0023974125276715937
0,2023-05-31 15:59:00,-0.028041048290583754
0,2023-06-01 15:59:00,0.018512150881108608
0,2023-06-02 15:59:00,0.03754819557068145
0,2023-06-05 15:59:00,-0.004261305670958701
0,2023-06-06 15:59:00,0.031860829379682966
0,2023-06-07 15:59:00,0.02817087052336555
0,2023-06-08 15:59:00,-0.010402345271648879
0,2023-06-09 15:59:00,0.012631505135089002
0,2023-06-12 15:59:00,0.012061044556427794
0,2023-06-13 15:59:00,0.02600183650686519
0,2023-06-14 15:59:00,-0.007029155820261813
0,2023-06-15 15:59:00,0.018062653034097056
0,2023-06-16 15:59:00,-0.0016156702489479265
0,2023-06-20 15:59:00,-0.01741024028808428
0,2023-06-21 15:59:00,-0.007958609515069852
0,2023-06-22 15:59:00,-0.009664078388311332
0,2023-06-23 15:59:00,-0.012934266467683656
0,2023-06-26 15:59:00,0.014925437917890864
0,2023-06-27 15:59:00,0.020362323871542343
0,2023-06-28 15:59:00,0.019123885996899515
0,2023-06-29 15:59:00,0.00035764044798900505
0,2023-06-30 15:59:00,0.009218463781554663
0,2023-07-03 15:59:00,0.010653080879670951
0,2023-07-05 15:59:00,0.011833993610189626
0,2023-07-06 15:59:00,0.0012005515295118313
0,2023-07-07 15:59:00,0.0038563902753483165
0,2023-07-10 15:59:00,0.0008339332127809756
0,2023-07-11 15:59:00,0.008380186980398784
0,2023-07-12 15:59:00,0.011502368559228161
0,2023-07-13 15:59:00,0.001563813271505133
0,2023-07-14 15:59:00,-0.011619319542466172
0,2023-07-17 15:59:00,-0.031746306571256974
0,2023-07-18 15:59:00,0.010208558652641324
0,2023-07-19 15:59:00,0.0019877286345107567
0,2023-07-20 15:59:00,0.001258007664096881
0,2023-07-21 15:59:00,-0.01848172360607046
0,2023-07-24 15:59:00,0.019662334853313174
0,2023-07-25 15:59:00,-0.03381810541743743
0,2023-07-26 15:59:00,0.009830878885032842
0,2023-07-27 15:59:00,0.017762628686367788
0,2023-07-28 15:59:00,-0.023752240004939834
0,2023-07-31 15:59:00,0.008182614185831728
0,2023-08-01 15:59:00,-0.006453065798078753
0,2023-08-02 15:59:00,-0.019218330432289616
0,2023-08-03 15:59:00,-0.012823052031315528
0,2023-08-04 15:59:00,-0.008861935741577348
0,2023-08-07 15:59:00,0.013925219089606814
0,2023-08-08 15:59:00,-0.006646328873834371
0,2023-08-09 15:59:00,-0.015465772221773201
0,2023-08-10 15:59:00,-0.05939742199083786
0,2023-08-11 15:59:00,-0.007771594588953989
0,2023-08-14 15:59:00,0.0053458569190112624
0,2023-08-15 15:59:00,-0.022544592013759048
0,2023-08-16 15:59:00,-0.0148398849832641
0,2023-08-17 15:59:00,0.003005362708164174
0,2023-08-18 15:59:00,0.006603126323404497
0,2023-08-21 15:59:00,0.004614702814589651
0,2023-08-22 15:59:00,-0.010201697457493233
0,2023-08-23 15:59:00,0.019309233731853958
0,2023-08-24 15:59:00,-0.020987047393103198
0,2023-08-25 15:59:00,0.002943748749490232
0,2023-08-28 15:59:00,0.004942545519857171
0,2023-08-29 15:59:00,0.01056813538972333
0,2023-08-30 15:59:00,-0.0020265392146143393
0,2023-08-31 15:59:00,0.003088720996955029
0,2023-09-01 15:59:00,0.001296955750261418
0,2023-09-05 15:59:00,-0.007691200052151119
0,2023-09-06 15:59:00,-0.013809476971688186
0,2023-09-07 15:59:00,-0.0074918389274667005
0,2023-09-08 15:59:00,0.011681619454397569
0,2023-09-11 15:59:00,-0.009655534510678621
0,2023-09-12 15:59:00,0.02529354695355473
0,2023-09-13 15:59:00,0.006532245301881311
0,2023-09-14 15:59:00,-0.00021878175240389215
0,2023-09-15 15:59:00,0.00845304344786914
0,2023-09-18 15:59:00,-0.017755268149158256
0,2023-09-19 15:59:00,0.018816463840876547
0,2023-09-20 15:59:00,-0.022503604100553264
0,2023-09-21 15:59:00,-0.015221716851585338
0,2023-09-22 15:59:00,-0.003159385345275266
0,2023-09-25 15:59:00,0.014414005410533713
0,2023-09-26 15:59:00,-0.024334199123216608
0,2023-09-27 15:59:00,0.0032284857523549827
0,2023-09-28 15:59:00,0.02499110746629969
0,2023-09-29 15:59:00,-0.0055438715993348375
0,2023-10-02 15:59:00,-0.015117978008706873
0,2023-10-03 15:59:00,-0.03358746010418182
0,2023-10-04 15:59:00,-0.01169126586586165
0,2023-10-05 15:59:00,-0.023062985217558844
0,2023-10-06 15:59:00,0.020226631128792298
0,2023-10-09 15:59:00,0.0028006794960929973
0,2023-10-10 15:59:00,0.01616747119195131
0,2023-10-11 15:59:00,-0.01612798825420718
0,2023-10-12 15:59:00,-0.02130040292113707
0,2023-10-13 15:59:00,-0.021708881876780512
0,2023-10-16 15:59:00,0.013900020084088638
0,2023-10-17 15:59:00,0.009154448121167403
0,2023-10-18 15:59:00,-0.028536325216942836
0,2023-10-19 15:59:00,-0.004791038895664836
0,2023-10-20 15:59:00,0.011382274037595893
0,2023-10-23 15:59:00,-0.013816779940316805
0,2023-10-24 15:59:00,-0.022497652034131867
0,2023-10-25 15:59:00,0.017217697491638914
0,2023-10-26 15:59:00,-0.01571871129936564
