,timestamp,change
0,2018-10-30 09:30:00,-0.0196642685851319
1,2018-10-31 09:30:00,0.0252902603664415
2,2018-11-01 09:30:00,0.003001022019883
3,2018-11-02 09:30:00,0.0017757009345793
4,2018-11-05 09:30:00,-0.000103989411987
5,2018-11-06 09:30:00,-0.0027520116763648
6,2018-11-07 09:30:00,0.0106742690446197
7,2018-11-08 09:30:00,-0.0034838426510122
8,2018-11-09 09:30:00,-0.008312014555261
9,2018-11-12 09:30:00,-0.0071220793844419
10,2018-11-13 09:30:00,0.0091708687786289
11,2018-11-14 09:30:00,0.0121405874228535
12,2018-11-15 09:30:00,-0.0029395430781899
13,2018-11-16 09:30:00,-0.0113592624928416
14,2018-11-19 09:30:00,-0.0008948250852438
15,2018-11-20 09:30:00,-0.0195599741161245
16,2018-11-21 09:30:00,0.0099729958957661
17,2018-11-23 09:30:00,-0.0053585196607557
18,2018-11-26 09:30:00,0.0139176465992107
19,2018-11-27 09:30:00,-0.0077099018393215
20,2018-11-28 09:30:00,0.0076715320078151
21,2018-11-29 09:30:00,-0.0079261332253194
22,2018-11-30 09:30:00,0.0010695580262796
23,2018-12-03 09:30:00,0.0241255294289468
24,2018-12-04 09:30:00,-0.0078432789966387
25,2018-12-06 09:30:00,-0.0143383157474096
26,2018-12-07 09:30:00,-0.0038343974050982
27,2018-12-10 09:30:00,-0.0014465081293756
28,2018-12-11 09:30:00,0.0155235594540783
29,2018-12-12 09:30:00,0.0137447565418382
30,2018-12-13 09:30:00,0.0057066034897712
31,2018-12-14 09:30:00,-0.015115294117647
32,2018-12-17 09:30:00,-0.005094685517387
33,2018-12-18 09:30:00,0.0054823053192116
34,2018-12-19 09:30:00,0.0015070491006319
35,2018-12-20 09:30:00,-0.0107039169493349
36,2018-12-21 09:30:00,0.0076183116870249
37,2018-12-24 09:30:00,0.0003164750801396
38,2018-12-26 09:30:00,0.0211632623793818
39,2018-12-27 09:30:00,-0.0211791422495501
40,2018-12-28 09:30:00,0.0047323447139517
41,2018-12-31 09:30:00,0.01060879118761
42,2019-01-02 09:30:00,-0.0174751291740573
43,2019-01-03 09:30:00,0.0018644942917791
44,2019-01-04 09:30:00,0.016836257252337
45,2019-01-07 09:30:00,0.0013019398343157
46,2019-01-08 09:30:00,0.0106328213480095
47,2019-01-09 09:30:00,0.0027588641282638
48,2019-01-10 09:30:00,-0.0103420028670899
49,2019-01-11 09:30:00,-0.0062606385963599
50,2019-01-14 09:30:00,-0.0111807940066404
51,2019-01-15 09:30:00,0.0045288727606973
52,2019-01-16 09:30:00,0.004307703733962
53,2019-01-17 09:30:00,-0.001489678655033
54,2019-01-18 09:30:00,0.0061486864169926
55,2019-01-22 09:30:00,-0.0125563396312315
56,2019-01-23 09:30:00,0.0109235537961682
57,2019-01-24 09:30:00,-0.0009668482606027
58,2019-01-25 09:30:00,0.0077071290944121
59,2019-01-28 09:30:00,-0.0102393458552191
60,2019-01-29 09:30:00,0.0035505722961923
61,2019-01-30 09:30:00,0.0100544221536835
62,2019-01-31 09:30:00,0.0152191074149548
63,2019-02-01 09:30:00,-0.0040137255077632
64,2019-02-04 09:30:00,0.0017471181556194
65,2019-02-05 09:30:00,-0.0065593458315302
66,2019-02-06 09:30:00,-8.72600349033359e-06
67,2019-02-07 09:30:00,-0.0146427194390393
68,2019-02-08 09:30:00,-0.0100207514198339
69,2019-02-11 09:30:00,0.0026664718559374
70,2019-02-12 09:30:00,0.0110023199313153
71,2019-02-13 09:30:00,0.0046302491769933
72,2019-02-14 09:30:00,-0.0011333416623534
73,2019-02-15 09:30:00,0.0053457913928836
74,2019-02-19 09:30:00,-0.0010236149771033
75,2019-02-20 09:30:00,0.0004308148836709
76,2019-02-21 09:30:00,-0.0031675385623143
77,2019-02-22 09:30:00,0.0040469593116523
78,2019-02-25 09:30:00,0.005644326416708
79,2019-02-26 09:30:00,-0.0027502998277681
80,2019-02-27 09:30:00,-0.0044086378439481
81,2019-02-28 09:30:00,-0.0038073908174691
82,2019-03-01 09:30:00,0.007741935483871
83,2019-03-04 09:30:00,0.0069038023479937
84,2019-03-05 09:30:00,0.0018723819310788
85,2019-03-06 09:30:00,0.0017045161068163
86,2019-03-07 09:30:00,-0.0032004559742997
87,2019-03-08 09:30:00,-0.0160030781877169
88,2019-03-11 09:30:00,0.0054693106043368
89,2019-03-12 09:30:00,0.0038441584949948
90,2019-03-13 09:30:00,0.0048712187269432
91,2019-03-14 09:30:00,-0.0007961049517727
92,2019-03-15 09:30:00,0.0059310379738293
93,2019-03-18 09:30:00,-0.0012233809186324
94,2019-03-19 09:30:00,0.004677276373
95,2019-03-20 09:30:00,-0.0021433333333332
96,2019-03-21 09:30:00,-0.00532675386639
97,2019-03-22 09:30:00,-0.0048466053466906
98,2019-03-25 09:30:00,-0.005662067135465
99,2019-03-26 09:30:00,0.0050653718100317
100,2019-03-27 09:30:00,0.0004304342321812
101,2019-03-28 09:30:00,-0.0027278849514522
102,2019-03-29 09:30:00,0.008874701537882
103,2019-04-01 09:30:00,0.0101388962293262
104,2019-04-02 09:30:00,0.0007503244985973
105,2019-04-03 09:30:00,0.0019104471645599
106,2019-04-04 09:30:00,-0.0004811960210067
107,2019-04-05 09:30:00,-0.00220634241117
108,2019-04-08 09:30:00,-0.0016816607849959
109,2019-04-09 09:30:00,-0.0072434875066453
110,2019-04-10 09:30:00,0.0017177053859829
111,2019-04-11 09:30:00,0.0009316563518999
112,2019-04-12 09:30:00,0.0032082188825175
113,2019-04-15 09:30:00,0.0012283741286014
114,2019-04-16 09:30:00,0.001178752977579
115,2019-04-17 09:30:00,0.0042200624047838
116,2019-04-18 09:30:00,0.0010189887749489
117,2019-04-22 09:30:00,-0.0044388386251728
118,2019-04-23 09:30:00,0.001232897549416
119,2019-04-24 09:30:00,-0.0011357884079979
120,2019-04-25 09:30:00,0.0056633079772192
121,2019-04-26 09:30:00,0.0015993919143613
122,2019-04-29 09:30:00,0.0018321066867963
123,2019-04-30 09:30:00,-0.0835805134098426
124,2019-05-01 09:30:00,-0.0035928546787045
125,2019-05-02 09:30:00,0.0013271456949106
126,2019-05-03 09:30:00,0.0089842405890854
127,2019-05-06 09:30:00,-0.013833125274132
128,2019-05-07 09:30:00,-0.0034568856083596
129,2019-05-08 09:30:00,0.0028434727826871
130,2019-05-09 09:30:00,-0.0049239109921594
131,2019-05-10 09:30:00,0.0032685079261318
132,2019-05-13 09:30:00,-0.0168306799251205
133,2019-05-14 09:30:00,0.0065447800741917
134,2019-05-15 09:30:00,-0.0002945560683013
135,2019-05-16 09:30:00,0.0002164669501352
136,2019-05-17 09:30:00,-0.0105854212963747
137,2019-05-20 09:30:00,-0.0171728469414093
138,2019-05-21 09:30:00,0.0069614084383369
139,2019-05-22 09:30:00,-0.0015309273418403
140,2019-05-23 09:30:00,-0.0107258862969202
141,2019-05-24 09:30:00,0.0080187976187344
142,2019-05-28 09:30:00,0.0007936507936507
143,2019-05-29 09:30:00,-0.0040276037346229
144,2019-05-30 09:30:00,0.0020778848565183
145,2019-05-31 09:30:00,-0.014143980533016
146,2019-06-03 09:30:00,-0.0433392218145581
147,2019-06-04 09:30:00,0.0065613632196994
148,2019-06-05 09:30:00,-0.000978129777879
149,2019-06-06 09:30:00,-0.0026892909824351
150,2019-06-07 09:30:00,0.0084338502776182
151,2019-06-10 09:30:00,0.009716424490868
152,2019-06-11 09:30:00,0.0142727558821895
153,2019-06-12 09:30:00,0.000945687848838
154,2019-06-13 09:30:00,0.0056342996110754
155,2019-06-14 09:30:00,0.0016679065751887
156,2019-06-17 09:30:00,0.0034643202653521
157,2019-06-18 09:30:00,0.0110021876229966
158,2019-06-19 09:30:00,0.0016764839148164
159,2019-06-20 09:30:00,0.01379491737561
160,2019-06-21 09:30:00,-0.0007597101579729
161,2019-06-24 09:30:00,-0.0038345717289428
162,2019-06-25 09:30:00,-0.0025272666983321
163,2019-06-26 09:30:00,0.0004142349540658
164,2019-06-27 09:30:00,0.0053583997036488
165,2019-06-28 09:30:00,0.0010000650599946
166,2019-07-01 09:30:00,0.0160000740315744
167,2019-07-02 09:30:00,0.0025138901539301
168,2019-07-03 09:30:00,0.0046106658751359
169,2019-07-05 09:30:00,-0.0012125751172452
170,2019-07-08 09:30:00,-0.0067481679881902
171,2019-07-09 09:30:00,-0.0074057490821168
172,2019-07-10 09:30:00,0.0072115812125417
173,2019-07-11 09:30:00,0.0044805695847363
174,2019-07-12 09:30:00,-0.00034086737637
175,2019-07-15 09:30:00,-0.0016250786328371
176,2019-07-16 09:30:00,-0.0016946501199289
177,2019-07-17 09:30:00,0.0008200416088766
178,2019-07-18 09:30:00,-0.004765850552556
179,2019-07-19 09:30:00,0.0009417509591906
180,2019-07-22 09:30:00,0.0031061672020602
181,2019-07-23 09:30:00,0.0037425215458546
182,2019-07-24 09:30:00,-0.0156468043538934
183,2019-07-25 09:30:00,0.0019416963924863
184,2019-07-26 09:30:00,0.0814070759324496
185,2019-07-29 09:30:00,-0.0035124298315958
186,2019-07-30 09:30:00,-0.0079741083607073
187,2019-07-31 09:30:00,-0.0031833096625691
188,2019-08-01 09:30:00,0.0009698523851793
189,2019-08-02 09:30:00,-0.0097186954615759
190,2019-08-05 09:30:00,-0.0203184281275388
191,2019-08-06 09:30:00,0.0133903776728687
192,2019-08-07 09:30:00,-0.0072638024218376
193,2019-08-08 09:30:00,0.0100093704744868
194,2019-08-09 09:30:00,-0.003539999335835
195,2019-08-12 09:30:00,-0.005682822721188
196,2019-08-13 09:30:00,0.0004650489323465
197,2019-08-14 09:30:00,-0.0176820406595059
198,2019-08-15 09:30:00,0.0061789455607075
199,2019-08-16 09:30:00,0.0078624836198257
200,2019-08-19 09:30:00,0.0118800951086956
201,2019-08-20 09:30:00,-0.0025364404729125
202,2019-08-21 09:30:00,0.0106468569883204
203,2019-08-22 09:30:00,0.0032911860023845
204,2019-08-23 09:30:00,-0.0046381830560902
205,2019-08-26 09:30:00,0.0084248925174794
206,2019-08-27 09:30:00,0.0099463859697128
207,2019-08-28 09:30:00,-0.0037320140036121
208,2019-08-29 09:30:00,0.0100908345854391
209,2019-08-30 09:30:00,0.0043167035472406
210,2019-09-03 09:30:00,-0.0080379762816574
211,2019-09-04 09:30:00,0.0085697652517851
212,2019-09-05 09:30:00,0.0101835856789622
213,2019-09-06 09:30:00,-0.0032578453307795
214,2019-09-09 09:30:00,-0.0003203505597834
215,2019-09-10 09:30:00,-0.0068801248215649
216,2019-09-11 09:30:00,-0.0006659874257597
217,2019-09-12 09:30:00,0.0039584648040846
218,2019-09-13 09:30:00,-0.0032414910858995
219,2019-09-16 09:30:00,-0.0063573508886576
220,2019-09-17 09:30:00,-1.624246755560499e-05
221,2019-09-18 09:30:00,0.0008705131960038
222,2019-09-19 09:30:00,0.0001475954910388
223,2019-09-20 09:30:00,-0.0011309475725018
224,2019-09-23 09:30:00,-0.0005529893956151
225,2019-09-24 09:30:00,0.0026464844541322
226,2019-09-25 09:30:00,-0.0011716826938856
227,2019-09-26 09:30:00,-0.0045950649163184
228,2019-09-27 09:30:00,-0.000256038647343
229,2019-09-30 09:30:00,-0.0018444462580592
230,2019-10-01 09:30:00,0.0031921091717748
231,2019-10-02 09:30:00,-0.0084038493446159
232,2019-10-03 09:30:00,0.0018442501041109
233,2019-10-04 09:30:00,0.003348746325728
234,2019-10-07 09:30:00,-0.0013764351652714
235,2019-10-08 09:30:00,-0.0094843652930213
236,2019-10-09 09:30:00,0.0078789815344253
237,2019-10-10 09:30:00,-0.0025941610576322
238,2019-10-11 09:30:00,0.011722854188211
239,2019-10-14 09:30:00,0.000255167134473
240,2019-10-15 09:30:00,0.0028756172306985
241,2019-10-16 09:30:00,-0.0013456632139782
242,2019-10-17 09:30:00,0.0057299079322961
243,2019-10-18 09:30:00,0.0021866470879288
244,2019-10-21 09:30:00,0.0068326522091706
245,2019-10-22 09:30:00,-0.0003208521833991
246,2019-10-23 09:30:00,0.0047629391840249
247,2019-10-24 09:30:00,0.0006352836541516
248,2019-10-25 09:30:00,-0.0077670056963331
249,2019-10-28 09:30:00,0.0065450923664303
250,2019-10-29 09:30:00,-0.0097357548698151
251,2019-10-30 09:30:00,-0.0045612201263837
252,2019-10-31 09:30:00,0.0014272121788772
253,2019-11-01 09:30:00,0.0052923487078575
254,2019-11-04 09:30:00,0.0037975676735975
255,2019-11-05 09:30:00,0.0019799065818724
256,2019-11-06 09:30:00,-0.0026273010171694
257,2019-11-07 09:30:00,0.0028858956494812
258,2019-11-08 09:30:00,-0.000736518802622
259,2019-11-11 09:30:00,-0.0058643646429906
260,2019-11-12 09:30:00,0.0011824480369513
261,2019-11-13 09:30:00,-0.0031028880727446
262,2019-11-14 09:30:00,-0.0011096983007743
263,2019-11-15 09:30:00,0.0047728693636683
264,2019-11-18 09:30:00,8.240564553596563e-05
265,2019-11-19 09:30:00,0.0037555557238153
266,2019-11-20 09:30:00,-0.0027753910259823
267,2019-11-21 09:30:00,-0.0009823635051958
268,2019-11-22 09:30:00,0.0014602803738317
269,2019-11-25 09:30:00,0.0042613965337552
270,2019-11-26 09:30:00,0.0044500554726654
271,2019-11-27 09:30:00,0.0011115002207773
272,2019-11-29 09:30:00,-0.0051343738104301
273,2019-12-02 09:30:00,0.0
274,2019-12-03 09:30:00,-0.0058180915977268
275,2019-12-04 09:30:00,0.0081635489125819
276,2019-12-05 09:30:00,0.0029190335529805
277,2019-12-06 09:30:00,0.0045978222426235
278,2019-12-09 09:30:00,-0.000902641531954
279,2019-12-10 09:30:00,-0.0009035763462468
280,2019-12-11 09:30:00,0.0024268560169522
281,2019-12-12 09:30:00,0.0002230450104832
282,2019-12-13 09:30:00,-0.0021698721034429
283,2019-12-16 09:30:00,0.0057959831729521
284,2019-12-17 09:30:00,0.0024978511133804
285,2019-12-18 09:30:00,0.0034676532051423
286,2019-12-19 09:30:00,0.002633252955013
287,2019-12-20 09:30:00,0.0033373151056645
288,2019-12-23 09:30:00,0.0051913167740902
289,2019-12-24 09:30:00,0.0006671954808625
290,2019-12-26 09:30:00,0.0025678049361397
291,2019-12-27 09:30:00,0.0015951190826228
292,2019-12-30 09:30:00,-0.0002530821258898
293,2019-12-31 09:30:00,-0.0043759584096945
294,2020-01-02 09:30:00,0.0076979472140761
295,2020-01-03 09:30:00,-0.0111059931419212
296,2020-01-06 09:30:00,-0.0036131196257421
297,2020-01-07 09:30:00,0.001234036447123
298,2020-01-08 09:30:00,-0.0011770363086992
299,2020-01-09 09:30:00,0.0128674376210551
300,2020-01-10 09:30:00,0.0035918022395942
301,2020-01-13 09:30:00,0.0068726263000706
302,2020-01-14 09:30:00,-0.000646008293913
303,2020-01-15 09:30:00,0.003634458184867
304,2020-01-16 09:30:00,0.005056976097832
305,2020-01-17 09:30:00,0.0063956251334429
306,2020-01-21 09:30:00,-0.0031604751517771
307,2020-01-22 09:30:00,0.0033670033670034
308,2020-01-23 09:30:00,0.0026594491237283
309,2020-01-24 09:30:00,0.0049054242283546
310,2020-01-27 09:30:00,-0.0255197005543017
311,2020-01-28 09:30:00,0.0028384127205525
312,2020-01-29 09:30:00,0.0031323360342561
313,2020-01-30 09:30:00,-0.0119486680285725
314,2020-01-31 09:30:00,0.0073678715190481
315,2020-02-03 09:30:00,0.0242538354253833
316,2020-02-04 09:30:00,-0.0156671763979616
317,2020-02-05 09:30:00,0.0091932742922669
318,2020-02-06 09:30:00,0.0045423167195912
319,2020-02-07 09:30:00,-0.0057582406264272
320,2020-02-10 09:30:00,-0.0013250047321597
321,2020-02-11 09:30:00,0.0009279573669871
322,2020-02-12 09:30:00,0.0061217999681983
323,2020-02-13 09:30:00,-0.0093886204126778
324,2020-02-14 09:30:00,0.0028141287761183
325,2020-02-18 09:30:00,-0.0018017544090377
326,2020-02-19 09:30:00,0.0035535433433577
327,2020-02-20 09:30:00,-0.0025854616895872
328,2020-02-21 09:30:00,-0.0042281905715301
329,2020-02-24 09:30:00,-0.0471357325785146
330,2020-02-25 09:30:00,0.0123258646055512
331,2020-02-26 09:30:00,0.0086523013969037
332,2020-02-27 09:30:00,-0.0226796428673958
333,2020-02-28 09:30:00,-0.0233950978085123
334,2020-03-02 09:30:00,0.0103344915519631
335,2020-03-03 09:30:00,0.0053149790349609
336,2020-03-04 09:30:00,0.0143595403395999
337,2020-03-05 09:30:00,-0.0234904653376797
338,2020-03-06 09:30:00,-0.0355256768240864
339,2020-03-09 09:30:00,-0.0731587094985406
340,2020-03-10 09:30:00,0.0386410980560061
341,2020-03-11 09:30:00,-0.0218499465265687
342,2020-03-12 09:30:00,-0.0700353880339067
343,2020-03-13 09:30:00,0.0531494649141708
344,2020-03-17 09:30:00,0.0101898617511519
345,2020-03-18 09:30:00,-0.0578501326141508
346,2020-03-19 09:30:00,-0.0122424087963299
347,2020-03-20 09:30:00,0.0105285814216276
348,2020-03-23 09:30:00,-0.0093443127453813
349,2020-03-24 09:30:00,0.0451340582796249
350,2020-03-25 09:30:00,-0.0171254846669016
351,2020-03-26 09:30:00,0.0119087600185165
352,2020-03-27 09:30:00,-0.0283330319547414
353,2020-03-30 09:30:00,0.0059587127017035
354,2020-03-31 09:30:00,-0.0012799191996587
355,2020-04-01 09:30:00,-0.030461432506887
356,2020-04-02 09:30:00,-0.0049655396971833
357,2020-04-03 09:30:00,-0.0104480539162373
358,2020-04-06 09:30:00,0.0331532582058686
359,2020-04-07 09:30:00,0.025943396226415
360,2020-04-08 09:30:00,0.0164263259475268
361,2020-04-09 09:30:00,0.0057143801434378
362,2020-04-13 09:30:00,-0.0046452528486208
363,2020-04-14 09:30:00,0.0170362646655555
364,2020-04-15 09:30:00,-0.0145160019539559
365,2020-04-16 09:30:00,0.0094227981655008
366,2020-04-17 09:30:00,0.0206811400349831
367,2020-04-20 09:30:00,-0.0079518091067073
368,2020-04-21 09:30:00,-0.0111314473248237
369,2020-04-22 09:30:00,0.0221576790797939
370,2020-04-23 09:30:00,0.0036354707895069
371,2020-04-24 09:30:00,-0.0072788529342631
372,2020-04-27 09:30:00,0.0100367388415538
373,2020-04-28 09:30:00,0.0032291438066276
374,2020-04-29 09:30:00,0.0880016220600161
375,2020-04-30 09:30:00,-0.0041480155177557
376,2020-05-01 09:30:00,-0.0115372922953723
377,2020-05-04 09:30:00,-0.0097815059885226
378,2020-05-05 09:30:00,0.0086523967440457
379,2020-05-06 09:30:00,0.0075365362996273
380,2020-05-07 09:30:00,0.0117564107321777
381,2020-05-08 09:30:00,0.005258213227101
382,2020-05-11 09:30:00,-0.0050600429599089
383,2020-05-12 09:30:00,0.0055013967276664
384,2020-05-13 09:30:00,0.0028659339380405
385,2020-05-14 09:30:00,-0.0111743266068095
386,2020-05-15 09:30:00,-0.0104106803412759
387,2020-05-18 09:30:00,-0.0092631701597752
388,2020-05-19 09:30:00,-0.00287584721881
389,2020-05-20 09:30:00,0.0108796110993862
390,2020-05-21 09:30:00,0.0004477707413803
391,2020-05-22 09:30:00,-0.0043473612942307
392,2020-05-26 09:30:00,0.0183136937933381
393,2020-05-27 09:30:00,-0.0005222190073606
394,2020-05-28 09:30:00,-0.0079366199170358
395,2020-05-29 09:30:00,-6.35265717533473e-05
396,2020-06-01 09:30:00,-0.0053224270267241
397,2020-06-02 09:30:00,-0.0030460541023922
398,2020-06-03 09:30:00,-0.0012157252322035
399,2020-06-04 09:30:00,-0.0054482624083829
400,2020-06-05 09:30:00,-0.0002052763089903
401,2020-06-08 09:30:00,-0.0061805212772614
402,2020-06-09 09:30:00,-0.0020460640915751
403,2020-06-10 09:30:00,0.003612141189397
404,2020-06-11 09:30:00,-0.0184329910973155
405,2020-06-12 09:30:00,0.0157852746751767
406,2020-06-15 09:30:00,-0.0139027444654341
407,2020-06-16 09:30:00,0.0164172271718843
408,2020-06-17 09:30:00,0.0022851761316815
409,2020-06-18 09:30:00,-0.0011782133875356
410,2020-06-19 09:30:00,0.004740194201789
411,2020-06-22 09:30:00,0.0009862967704026
412,2020-06-23 09:30:00,0.0014324378301322
413,2020-06-24 09:30:00,0.0018040902727987
414,2020-06-25 09:30:00,-0.0009790707905891
415,2020-06-26 09:30:00,-0.0059752246781636
416,2020-06-29 09:30:00,-0.0008609081477228
417,2020-06-30 09:30:00,-0.0045213528231584
418,2020-07-01 09:30:00,-0.0001909692751653
419,2020-07-02 09:30:00,0.0067823727870335
420,2020-07-06 09:30:00,0.012489501034532
421,2020-07-07 09:30:00,-0.0020888775960522
422,2020-07-08 09:30:00,0.0056519249553705
423,2020-07-09 09:30:00,0.0073115364253286
424,2020-07-10 09:30:00,-0.0030798373316024
425,2020-07-13 09:30:00,0.0058375601593005
426,2020-07-14 09:30:00,-0.0098853327863537
427,2020-07-15 09:30:00,0.0024729032936967
428,2020-07-16 09:30:00,-0.0056372824256035
429,2020-07-17 09:30:00,0.0011660079051383
430,2020-07-20 09:30:00,-0.0016065952184665
431,2020-07-21 09:30:00,0.006697769540487
432,2020-07-22 09:30:00,-0.0007314444102248
433,2020-07-23 09:30:00,-0.0025512644704531
434,2020-07-24 09:30:00,-0.0154572064377324
435,2020-07-27 09:30:00,0.0044474741391291
436,2020-07-28 09:30:00,-0.004812191232977
437,2020-07-29 09:30:00,0.0018251335544809
438,2020-07-30 09:30:00,-0.0175557322225214
439,2020-07-31 09:30:00,-0.0251157547838135
440,2020-08-03 09:30:00,0.0039356016955434
441,2020-08-04 09:30:00,0.0026385582212455
442,2020-08-05 09:30:00,-0.0008663028649384
443,2020-08-06 09:30:00,-6.107408965672079e-05
444,2020-08-07 09:30:00,-0.0052219668964598
445,2020-08-10 09:30:00,-0.004167447588958
446,2020-08-11 09:30:00,-0.0018863507140707
447,2020-08-12 09:30:00,0.0040366922900259
448,2020-08-13 09:30:00,0.0022022248049144
449,2020-08-14 09:30:00,-0.0013696284882727
450,2020-08-17 09:30:00,0.0040060222984221
451,2020-08-18 09:30:00,0.0046689583415646
452,2020-08-19 09:30:00,-0.0005246953175113
453,2020-08-20 09:30:00,-0.0030435794044665
454,2020-08-21 09:30:00,-0.0010554790105042
455,2020-08-24 09:30:00,0.0086149642308201
456,2020-08-25 09:30:00,-0.0030474943174304
457,2020-08-26 09:30:00,0.0025823232197526
458,2020-08-27 09:30:00,0.0005750674947637
459,2020-08-28 09:30:00,0.0005075490274015
460,2020-08-31 09:30:00,-0.0020372172220871
461,2020-09-01 09:30:00,0.0027818116088553
462,2020-09-02 09:30:00,0.006870555364874
463,2020-09-03 09:30:00,-0.0128115073280525
464,2020-09-04 09:30:00,-0.0096576585353972
465,2020-09-08 09:30:00,-0.0380790057924164
466,2020-09-09 09:30:00,0.018065897062758
467,2020-09-10 09:30:00,0.0041790699319133
468,2020-09-11 09:30:00,0.0057014851291161
469,2020-09-14 09:30:00,0.0109504893191623
470,2020-09-15 09:30:00,0.0091897727571952
471,2020-09-16 09:30:00,0.0061064941463224
472,2020-09-17 09:30:00,-0.0192129401321629
473,2020-09-18 09:30:00,0.0046392545105722
474,2020-09-21 09:30:00,-0.0117014500099315
475,2020-09-22 09:30:00,0.0107198726185819
476,2020-09-23 09:30:00,-0.0058643702318725
477,2020-09-24 09:30:00,0.000166659604819
478,2020-09-25 09:30:00,0.0019715884029154
479,2020-09-28 09:30:00,0.0165594777395481
480,2020-09-29 09:30:00,0.0025182384614859
481,2020-09-30 09:30:00,-0.0012877433216162
482,2020-10-01 09:30:00,0.0128746594005448
483,2020-10-02 09:30:00,-0.0169426007825029
484,2020-10-05 09:30:00,0.0064254937286361
485,2020-10-06 09:30:00,-0.0041006235102415
486,2020-10-07 09:30:00,0.0108711367532545
487,2020-10-08 09:30:00,0.0067452355354074
488,2020-10-09 09:30:00,0.004542609678787
489,2020-10-12 09:30:00,0.0165945956651767
490,2020-10-13 09:30:00,0.0111121724456331
491,2020-10-14 09:30:00,0.0025132502370091
492,2020-10-15 09:30:00,-0.0116812895327483
493,2020-10-16 09:30:00,0.0038173326147765
494,2020-10-19 09:30:00,0.0059084176197228
495,2020-10-20 09:30:00,-0.0008798915452198
496,2020-10-21 09:30:00,0.0138945096452178
497,2020-10-22 09:30:00,0.0016293125631547
498,2020-10-23 09:30:00,0.006017799823115
499,2020-10-26 09:30:00,-0.0104001023560162
500,2020-10-27 09:30:00,0.0022375020426632
501,2020-10-28 09:30:00,-0.0310201790225492
502,2020-10-29 09:30:00,0.0128320101284522
503,2020-10-30 09:30:00,0.0682618550628129
504,2020-11-02 09:30:00,0.0046203765390973
505,2020-11-03 09:30:00,0.0028976769367061
506,2020-11-04 09:30:00,0.037715851765619
507,2020-11-05 09:30:00,0.0090844643653451
508,2020-11-06 09:30:00,-0.0077869967355821
509,2020-11-09 09:30:00,0.018439748507615
510,2020-11-10 09:30:00,-0.0112437392815365
511,2020-11-11 09:30:00,0.0063058661224959
512,2020-11-12 09:30:00,0.0013351211023309
513,2020-11-13 09:30:00,0.0023329507887841
514,2020-11-16 09:30:00,0.001001001001001
515,2020-11-17 09:30:00,-0.0039883099326305
516,2020-11-18 09:30:00,-0.0001152640054242
517,2020-11-19 09:30:00,-0.0039787494704541
518,2020-11-20 09:30:00,0.0021599619030341
519,2020-11-23 09:30:00,0.0037316003398626
520,2020-11-24 09:30:00,0.0018955650929899
521,2020-11-25 09:30:00,0.0028332617006356
522,2020-11-27 09:30:00,0.0013977565893836
523,2020-11-30 09:30:00,-0.0053814710097646
524,2020-12-01 09:30:00,0.0069629814736984
525,2020-12-02 09:30:00,0.0009841479891687
526,2020-12-03 09:30:00,-0.0005800464037122
527,2020-12-04 09:30:00,-0.0026873922443283
528,2020-12-07 09:30:00,-0.0057549393281529
529,2020-12-08 09:30:00,-0.0042924352012663
530,2020-12-09 09:30:00,0.0015422439539527
531,2020-12-10 09:30:00,-0.0121689767940181
532,2020-12-11 09:30:00,-0.005353620738236
533,2020-12-14 09:30:00,-0.0013099333808516
534,2020-12-15 09:30:00,0.0061395634239742
535,2020-12-16 09:30:00,-0.0004073135409123
536,2020-12-17 09:30:00,0.0031209761133579
537,2020-12-18 09:30:00,0.0025629583862516
538,2020-12-21 09:30:00,-0.0051910523109061
539,2020-12-22 09:30:00,-0.0052057895734815
540,2020-12-23 09:30:00,0.0024526715565478
541,2020-12-24 09:30:00,0.0020884471217432
542,2020-12-28 09:30:00,0.0046870057796819
543,2020-12-29 09:30:00,0.0070396756117478
544,2020-12-30 09:30:00,0.0023103493407536
545,2020-12-31 09:30:00,0.0006725993377483
546,2021-01-04 09:30:00,0.0031654052574245
547,2021-01-05 09:30:00,-0.0019118378872572
548,2021-01-06 09:30:00,-0.0197658461520793
549,2021-01-07 09:30:00,0.0033729027352997
550,2021-01-08 09:30:00,0.0027360316909683
551,2021-01-11 09:30:00,-0.0073096098405829
552,2021-01-12 09:30:00,-0.0060660932548665
553,2021-01-13 09:30:00,-0.0038361340929259
554,2021-01-14 09:30:00,0.0013483786402235
555,2021-01-15 09:30:00,0.001827407667067
556,2021-01-19 09:30:00,0.0128903685101775
557,2021-01-20 09:30:00,0.0210706786400391
558,2021-01-21 09:30:00,0.0077758519248809
559,2021-01-22 09:30:00,-0.0008929656498835
560,2021-01-25 09:30:00,0.0121147055263475
561,2021-01-26 09:30:00,0.0009761439680724
562,2021-01-27 09:30:00,-0.0178585395103891
563,2021-01-28 09:30:00,0.0097824483977211
564,2021-01-29 09:30:00,-0.0089732574374395
565,2021-02-01 09:30:00,0.0178966034647387
566,2021-02-02 09:30:00,0.0136850800532459
567,2021-02-03 09:30:00,0.0749079213570576
568,2021-02-04 09:30:00,-0.0014234944273867
569,2021-02-05 09:30:00,0.0013546511627906
570,2021-02-08 09:30:00,0.0027810473245049
571,2021-02-09 09:30:00,-0.0015001385478276
572,2021-02-10 09:30:00,0.0088696052833665
573,2021-02-11 09:30:00,-0.002419608853764
574,2021-02-12 09:30:00,-0.0036696284560837
575,2021-02-16 09:30:00,0.0056689665659273
576,2021-02-17 09:30:00,-0.0040763814927567
577,2021-02-18 09:30:00,-0.0100261224182969
578,2021-02-19 09:30:00,0.0015404679998487
579,2021-02-22 09:30:00,-0.0153667509006371
580,2021-02-23 09:30:00,-0.0185080209499168
581,2021-02-24 09:30:00,-0.0076954271589679
582,2021-02-25 09:30:00,-0.0073745960678366
583,2021-02-26 09:30:00,0.0146011992084043
584,2021-03-01 09:30:00,0.0157892666424082
585,2021-03-02 09:30:00,-0.0012538974110142
586,2021-03-03 09:30:00,0.0002263304135103
587,2021-03-04 09:30:00,0.0078931780037514
588,2021-03-05 09:30:00,0.0094703253381214
589,2021-03-08 09:30:00,-0.0037348494196033
590,2021-03-09 09:30:00,0.0192963675739576
591,2021-03-10 09:30:00,0.004725483509524
592,2021-03-11 09:30:00,0.0126743699319555
593,2021-03-12 09:30:00,-0.0135948590154012
594,2021-03-15 09:30:00,-0.0011690516614116
595,2021-03-16 09:30:00,0.0033679483581252
596,2021-03-17 09:30:00,-0.005699816057906
597,2021-03-18 09:30:00,-0.0130246698183105
598,2021-03-19 09:30:00,0.0033248044160474
599,2021-03-22 09:30:00,0.0018744427133856
600,2021-03-23 09:30:00,0.0025900254587729
601,2021-03-24 09:30:00,0.004947819015014
602,2021-03-25 09:30:00,-0.0014915665360935
603,2021-03-26 09:30:00,0.0010369993543211
604,2021-03-29 09:30:00,-0.0029910269192423
605,2021-03-30 09:30:00,0.0017940751761256
606,2021-03-31 09:30:00,0.0020040080160321
607,2021-04-01 09:30:00,0.0161894587238897
608,2021-04-05 09:30:00,0.0116892293438028
609,2021-04-06 09:30:00,-0.0011909894373787
610,2021-04-07 09:30:00,0.0019284105671504
611,2021-04-08 09:30:00,0.0097342851301016
612,2021-04-09 09:30:00,-0.0027366181579027
613,2021-04-12 09:30:00,-0.0072091079002544
614,2021-04-13 09:30:00,0.0018980886070336
615,2021-04-14 09:30:00,0.0044022549426119
616,2021-04-15 09:30:00,0.0069632872245211
617,2021-04-16 09:30:00,0.0036461532429854
618,2021-04-19 09:30:00,7.398670850555789e-05
619,2021-04-20 09:30:00,0.0021228657385099
620,2021-04-21 09:30:00,-0.0014261913277099
621,2021-04-22 09:30:00,-0.0007062947429
622,2021-04-23 09:30:00,0.0081616635507424
623,2021-04-26 09:30:00,0.0002893793460891
624,2021-04-27 09:30:00,0.0008801305169157
625,2021-04-28 09:30:00,0.0427969230449236
626,2021-04-29 09:30:00,0.0132463964172133
627,2021-04-30 09:30:00,-0.0100868763606583
628,2021-05-03 09:30:00,-0.0006987551867219
629,2021-05-04 09:30:00,-0.0109724145987349
630,2021-05-05 09:30:00,0.0079643198470851
631,2021-05-06 09:30:00,-0.002316484374337
632,2021-05-07 09:30:00,0.0056835366468392
633,2021-05-10 09:30:00,-0.0111800568802594
634,2021-05-11 09:30:00,-0.0212428683680092
635,2021-05-12 09:30:00,-0.016045559862281
636,2021-05-13 09:30:00,0.0124151785714285
637,2021-05-14 09:30:00,0.0105659643321336
638,2021-05-17 09:30:00,-0.0083414688933622
639,2021-05-18 09:30:00,0.004992483275827
640,2021-05-19 09:30:00,-0.0150123945594179
641,2021-05-20 09:30:00,0.0066487345747192
642,2021-05-21 09:30:00,0.001948142897767
643,2021-05-24 09:30:00,0.008272568333973
644,2021-05-25 09:30:00,0.006751815719058
645,2021-05-26 09:30:00,0.0028131729520475
646,2021-05-27 09:30:00,0.0022029419138469
647,2021-05-28 09:30:00,0.0035782630895104
648,2021-06-01 09:30:00,0.0061347861780729
649,2021-06-02 09:30:00,0.0031914280776541
650,2021-06-03 09:30:00,-0.0103391181194697
651,2021-06-04 09:30:00,0.0075800415800415
652,2021-06-07 09:30:00,-0.0014551505314073
653,2021-06-08 09:30:00,0.0043996415407261
654,2021-06-09 09:30:00,0.0052318696986539
655,2021-06-10 09:30:00,0.0015129260873403
656,2021-06-11 09:30:00,-0.0006460460396982
657,2021-06-14 09:30:00,-0.002362824888422
658,2021-06-15 09:30:00,0.0014120550741032
659,2021-06-16 09:30:00,0.0018487221600691
660,2021-06-17 09:30:00,0.0014861252545825
661,2021-06-18 09:30:00,-0.0051380708087909
662,2021-06-21 09:30:00,0.0014613654010791
663,2021-06-22 09:30:00,-0.0031002972238032
664,2021-06-23 09:30:00,-0.0004332448463555
665,2021-06-24 09:30:00,0.0054015890096006
666,2021-06-25 09:30:00,-0.0026759478952247
667,2021-06-28 09:30:00,-1.9685891908705067e-05
668,2021-06-29 09:30:00,-0.00017746858806
669,2021-06-30 09:30:00,-0.0027868924007189
670,2021-07-01 09:30:00,-0.0009057320469544
671,2021-07-02 09:30:00,0.004443354158671
672,2021-07-06 09:30:00,0.0052213235122724
673,2021-07-07 09:30:00,0.0061978169320688
674,2021-07-08 09:30:00,-0.012919489522609
675,2021-07-09 09:30:00,-0.0014473628198033
676,2021-07-12 09:30:00,0.0007295184792048
677,2021-07-13 09:30:00,0.0005629444676344
678,2021-07-14 09:30:00,0.0080255277893348
679,2021-07-15 09:30:00,0.0024151571934207
680,2021-07-16 09:30:00,0.0037927830497632
681,2021-07-19 09:30:00,-0.0073161851157921
682,2021-07-20 09:30:00,0.0040633433080485
683,2021-07-21 09:30:00,-0.0019069267206199
684,2021-07-22 09:30:00,-0.0003808690602338
685,2021-07-23 09:30:00,0.0115526687842435
686,2021-07-26 09:30:00,0.001041243396993
687,2021-07-27 09:30:00,0.0019656213189356
688,2021-07-28 09:30:00,0.0150114038422177
689,2021-07-29 09:30:00,0.0004069466899838
690,2021-07-30 09:30:00,-0.0101684981684981
691,2021-08-02 09:30:00,0.0030355016896761
692,2021-08-03 09:30:00,0.0012464197603492
693,2021-08-04 09:30:00,-0.0029191347558336
694,2021-08-05 09:30:00,-0.0002022616530293
695,2021-08-06 09:30:00,-0.0040893822111873
696,2021-08-09 09:30:00,0.0001568930791908
697,2021-08-10 09:30:00,0.0014534936405121
698,2021-08-11 09:30:00,0.0031411490525889
699,2021-08-12 09:30:00,-0.0003065757594468
700,2021-08-13 09:30:00,-0.0010839011771167
701,2021-08-16 09:30:00,-0.0026939382777572
702,2021-08-17 09:30:00,-0.0070969204691454
703,2021-08-18 09:30:00,-0.0012774898853245
704,2021-08-19 09:30:00,-0.0073552293886995
705,2021-08-20 09:30:00,-0.0015163694826074
706,2021-08-23 09:30:00,0.0038178416372292
707,2021-08-24 09:30:00,0.0031514584706076
708,2021-08-25 09:30:00,0.0012528513774348
709,2021-08-26 09:30:00,9.091735612321016e-05
710,2021-08-27 09:30:00,0.001502500061578
711,2021-08-30 09:30:00,0.0011792901434168
712,2021-08-31 09:30:00,0.0015433849284509
713,2021-09-01 09:30:00,0.0047307657927126
714,2021-09-02 09:30:00,0.0007470768049786
715,2021-09-03 09:30:00,-0.0006726768377252
716,2021-09-07 09:30:00,0.0010222653538385
717,2021-09-08 09:30:00,-0.0024456764425024
718,2021-09-09 09:30:00,0.0009804361559999
719,2021-09-10 09:30:00,0.0060403217180375
720,2021-09-13 09:30:00,0.0091973774093818
721,2021-09-14 09:30:00,0.0078590597009724
722,2021-09-15 09:30:00,0.0041316262917869
723,2021-09-16 09:30:00,-0.0039273187874533
724,2021-09-17 09:30:00,-0.0015726701791943
725,2021-09-20 09:30:00,-0.0229530225074702
726,2021-09-21 09:30:00,0.0065351249478484
727,2021-09-22 09:30:00,0.0022019807085007
728,2021-09-23 09:30:00,0.0049234174476264
729,2021-09-24 09:30:00,-0.0049406306407943
730,2021-09-27 09:30:00,-0.0032093479092971
731,2021-09-28 09:30:00,-0.0137231630036241
732,2021-09-29 09:30:00,0.0072534218410384
733,2021-09-30 09:30:00,0.0005761182268939
734,2021-10-01 09:30:00,0.0063684216458705
735,2021-10-04 09:30:00,-0.0077482994444546
736,2021-10-05 09:30:00,0.0044097477848492
737,2021-10-06 09:30:00,-0.0094509351799496
738,2021-10-07 09:30:00,0.009225676191862
739,2021-10-08 09:30:00,0.0038946820539513
740,2021-10-11 09:30:00,-0.0017314502770321
741,2021-10-12 09:30:00,0.0037159241542275
742,2021-10-13 09:30:00,0.0069248279578777
743,2021-10-14 09:30:00,0.0107267150250063
744,2021-10-15 09:30:00,0.0024941570816876
745,2021-10-18 09:30:00,-0.002099424510693
746,2021-10-19 09:30:00,0.0039437861747022
747,2021-10-20 09:30:00,-0.0007783480258105
748,2021-10-21 09:30:00,-0.0017259766502019
749,2021-10-22 09:30:00,-0.0125422600592077
750,2021-10-25 09:30:00,0.0013436226605603
751,2021-10-26 09:30:00,0.0106307021023401
752,2021-10-27 09:30:00,0.0116871173327894
753,2021-10-28 09:30:00,0.0054952002433197
754,2021-10-29 09:30:00,-0.0038835682293323
755,2021-11-01 09:30:00,-0.0027913280046386
756,2021-11-02 09:30:00,0.0063347723691211
757,2021-11-03 09:30:00,-8.91247266270323e-05
758,2021-11-04 09:30:00,0.0047574452144596
759,2021-11-05 09:30:00,0.0052561313124859
760,2021-11-08 09:30:00,0.0037228410202796
761,2021-11-09 09:30:00,0.0036087426645108
762,2021-11-10 09:30:00,-0.0046328088622988
763,2021-11-11 09:30:00,0.0031099532143001
764,2021-11-12 09:30:00,0.0072738298843684
765,2021-11-15 09:30:00,0.0003675893158494
766,2021-11-16 09:30:00,-0.0072374298591663
767,2021-11-17 09:30:00,0.0017439540132742
768,2021-11-18 09:30:00,0.0004648651186813
769,2021-11-19 09:30:00,0.0010881356719405
770,2021-11-22 09:30:00,0.0029342625164636
771,2021-11-23 09:30:00,-0.0009842399178325
772,2021-11-24 09:30:00,-0.0039826385576647
773,2021-11-26 09:30:00,-0.0145773786609524
774,2021-11-29 09:30:00,0.0167955127935799
775,2021-11-30 09:30:00,-0.0052836361272043
776,2021-12-01 09:30:00,0.013126420389683
777,2021-12-02 09:30:00,0.0005261002203265
778,2021-12-03 09:30:00,0.0044303595043448
779,2021-12-06 09:30:00,0.006142002250665
780,2021-12-07 09:30:00,0.0144787946855451
781,2021-12-08 09:30:00,0.0014418661191852
782,2021-12-09 09:30:00,-0.0044719369316367
783,2021-12-10 09:30:00,0.0054454242231913
784,2021-12-13 09:30:00,-0.0043686920492496
785,2021-12-14 09:30:00,-0.0132991229325537
786,2021-12-15 09:30:00,-0.0038683252427185
787,2021-12-16 09:30:00,0.0037558781019075
788,2021-12-17 09:30:00,-0.0127842820616338
789,2021-12-20 09:30:00,-0.0127932890421327
790,2021-12-21 09:30:00,0.0033337076443671
791,2021-12-22 09:30:00,0.0003432720413589
792,2021-12-23 09:30:00,0.0010207588321158
793,2021-12-27 09:30:00,0.003676898025231
794,2021-12-28 09:30:00,-2.7026113982531182e-05
795,2021-12-29 09:30:00,0.00093201099295
796,2021-12-30 09:30:00,-0.0042354948805459
797,2021-12-31 09:30:00,-0.003945697019499
798,2022-01-03 09:30:00,0.0018938477595227
799,2022-01-04 09:30:00,0.0033916882955733
800,2022-01-05 09:30:00,-0.0023103007547443
801,2022-01-06 09:30:00,-0.001836495258021
802,2022-01-07 09:30:00,0.0005815411567582
803,2022-01-10 09:30:00,-0.0105976892366306
804,2022-01-11 09:30:00,-0.0081957455711589
805,2022-01-12 09:30:00,0.008099232553989
806,2022-01-13 09:30:00,0.0028344811275797
807,2022-01-14 09:30:00,-0.0077007107795578
808,2022-01-18 09:30:00,-0.0239674062733623
809,2022-01-19 09:30:00,0.0046470855767961
810,2022-01-20 09:30:00,0.0086040127494151
811,2022-01-21 09:30:00,-0.002990982076596
812,2022-01-24 09:30:00,-0.032818911445855
813,2022-01-25 09:30:00,-0.0195293108203353
814,2022-01-26 09:30:00,0.0297510553517181
815,2022-01-27 09:30:00,0.0156125488375691
816,2022-01-28 09:30:00,0.0092704148636557
817,2022-01-31 09:30:00,0.0051426706627704
818,2022-02-01 09:30:00,0.0110323681485331
819,2022-02-02 09:30:00,0.0905492879600518
820,2022-02-03 09:30:00,-0.0141013513513512
821,2022-02-04 09:30:00,-0.0031244194727673
822,2022-02-07 09:30:00,0.0030157781204003
823,2022-02-08 09:30:00,9.713103696373793e-05
824,2022-02-09 09:30:00,0.011453988237027
825,2022-02-10 09:30:00,-0.0151577280375549
826,2022-02-11 09:30:00,0.003596616222651
827,2022-02-14 09:30:00,-0.0002124329159213
828,2022-02-15 09:30:00,0.0168076234974052
829,2022-02-16 09:30:00,0.0001430080084483
830,2022-02-17 09:30:00,-0.0066951297567787
831,2022-02-18 09:30:00,0.0039642199858662
832,2022-02-22 09:30:00,-0.0039077465328326
833,2022-02-23 09:30:00,0.0157134412320389
834,2022-02-24 09:30:00,-0.0182270643100677
835,2022-02-25 09:30:00,-0.0021693607918167
836,2022-02-28 09:30:00,-0.0074227156657585
837,2022-03-01 09:30:00,-0.001845606492977
838,2022-03-02 09:30:00,0.0034746185894329
839,2022-03-03 09:30:00,0.0099396863691194
840,2022-03-04 09:30:00,-0.0041355846398951
841,2022-03-07 09:30:00,-0.0056358179127412
842,2022-03-08 09:30:00,-0.0001265177184111
843,2022-03-09 09:30:00,0.02980594311489
844,2022-03-10 09:30:00,-0.0145124597965642
845,2022-03-11 09:30:00,0.0097770780998722
846,2022-03-14 09:30:00,0.0025631987494347
847,2022-03-15 09:30:00,0.011053341643721
848,2022-03-16 09:30:00,0.0156272539679478
849,2022-03-17 09:30:00,-0.0041319069217853
850,2022-03-18 09:30:00,-0.0079002372298678
851,2022-03-21 09:30:00,-0.0009541112691142
852,2022-03-22 09:30:00,0.0038431806441447
853,2022-03-23 09:30:00,-0.006858417326678
854,2022-03-24 09:30:00,0.0069112366241406
855,2022-03-25 09:30:00,-9.903686647361189e-05
856,2022-03-28 09:30:00,-0.0059439929646856
857,2022-03-29 09:30:00,0.0073723661314977
858,2022-03-30 09:30:00,-0.0020586182833217
859,2022-03-31 09:30:00,-0.001787328889543
860,2022-04-01 09:30:00,0.0038605060915777
861,2022-04-04 09:30:00,0.0018436551974025
862,2022-04-05 09:30:00,-0.0024044316702972
863,2022-04-06 09:30:00,-0.0100628797062305
864,2022-04-07 09:30:00,-0.0018838430398011
865,2022-04-08 09:30:00,-0.003826965443675
866,2022-04-11 09:30:00,-0.0113300180190933
867,2022-04-12 09:30:00,0.0106465342911619
868,2022-04-13 09:30:00,0.0027926106820279
869,2022-04-14 09:30:00,0.0007178447766236
870,2022-04-18 09:30:00,0.0042057212894508
871,2022-04-19 09:30:00,-0.0020745915281652
872,2022-04-20 09:30:00,0.0090553201921381
873,2022-04-21 09:30:00,0.0085506710036813
874,2022-04-22 09:30:00,0.0017976466443263
875,2022-04-25 09:30:00,-0.0039149747785278
876,2022-04-26 09:30:00,-0.0060811359026369
877,2022-04-27 09:30:00,-0.0434254347062071
878,2022-04-28 09:30:00,0.0196173849569634
879,2022-04-29 09:30:00,-0.0178546035516817
880,2022-05-02 09:30:00,-0.0023789538691705
881,2022-05-03 09:30:00,-0.0029734353203162
882,2022-05-04 09:30:00,-0.0020056021460789
883,2022-05-05 09:30:00,-0.0164265435321758
884,2022-05-06 09:30:00,-0.0122484277402699
885,2022-05-09 09:30:00,-0.0163992576859355
886,2022-05-10 09:30:00,0.0302030782291118
887,2022-05-11 09:30:00,-0.0078871444346964
888,2022-05-12 09:30:00,-0.0106264423794104
889,2022-05-13 09:30:00,0.0102348674591288
890,2022-05-16 09:30:00,-0.0089430161652312
891,2022-05-17 09:30:00,0.0179014172789637
892,2022-05-18 09:30:00,-0.0139502212247241
893,2022-05-19 09:30:00,-0.0026111751177697
894,2022-05-20 09:30:00,0.0119225171968073
895,2022-05-23 09:30:00,0.0012440939839821
896,2022-05-24 09:30:00,-0.0594403872244585
897,2022-05-25 09:30:00,-0.0115825747540411
898,2022-05-26 09:30:00,0.0005458185389439
899,2022-05-27 09:30:00,0.0123633037186932
900,2022-05-31 09:30:00,0.0048785893491962
901,2022-06-01 09:30:00,0.0124977518084232
902,2022-06-02 09:30:00,-0.0026816817474749
903,2022-06-03 09:30:00,-0.0171164932642838
904,2022-06-06 09:30:00,0.0218645784226423
905,2022-06-07 09:30:00,-0.0143547008547009
906,2022-06-08 09:30:00,0.000349881594948
907,2022-06-09 09:30:00,-0.0053429418160884
908,2022-06-10 09:30:00,-0.0129269258725674
909,2022-06-13 09:30:00,-0.031064929471304
910,2022-06-14 09:30:00,0.0033943181658706
911,2022-06-15 09:30:00,0.015551336297181
912,2022-06-16 09:30:00,-0.0234232113430997
913,2022-06-17 09:30:00,0.0015167351759759
914,2022-06-21 09:30:00,0.0186105598931771
915,2022-06-22 09:30:00,-0.0074107804533969
916,2022-06-23 09:30:00,0.0078827672708932
917,2022-06-24 09:30:00,0.0117496195128876
918,2022-06-27 09:30:00,0.0028040141676504
919,2022-06-28 09:30:00,0.000625843924813
920,2022-06-29 09:30:00,-0.0010615475497794
921,2022-06-30 09:30:00,-0.0089660732340666
922,2022-07-01 09:30:00,-0.0064050662986959
923,2022-07-05 09:30:00,-0.0142233752899222
924,2022-07-06 09:30:00,-0.0017902038989588
925,2022-07-07 09:30:00,0.007338772675983
926,2022-07-08 09:30:00,-0.0109417905129225
927,2022-07-11 09:30:00,-0.0161954433159483
928,2022-07-12 09:30:00,0.0041065382783433
929,2022-07-13 09:30:00,-0.0126196692776326
930,2022-07-14 09:30:00,-0.0058844507845934
931,2022-07-15 09:30:00,0.0163673317390737
932,2022-07-18 09:30:00,0.0048507313785566
933,2022-07-19 09:30:00,0.0157430157430158
934,2022-07-20 09:30:00,-0.0060204170665735
935,2022-07-21 09:30:00,-0.0027803942089655
936,2022-07-22 09:30:00,-0.0252476968538154
937,2022-07-25 09:30:00,0.0128252445100571
938,2022-07-26 09:30:00,-0.0124745888005913
939,2022-07-27 09:30:00,0.0462778568041726
940,2022-07-28 09:30:00,-0.0017616489033736
941,2022-07-29 09:30:00,-0.0085705558949297
942,2022-08-01 09:30:00,-0.0120048019207683
943,2022-08-02 09:30:00,-0.00884329004329
944,2022-08-03 09:30:00,0.0082398619499568
945,2022-08-04 09:30:00,-0.0045466026774437
946,2022-08-05 09:30:00,-0.013501009421265
947,2022-08-08 09:30:00,0.0055731325606971
948,2022-08-09 09:30:00,-0.0032159783344617
949,2022-08-10 09:30:00,0.0210656226061793
950,2022-08-11 09:30:00,0.0116047745358089
951,2022-08-12 09:30:00,0.0111398531375166
952,2022-08-15 09:30:00,-0.0039962491846052
953,2022-08-16 09:30:00,-0.0013834635416666
954,2022-08-17 09:30:00,-0.0104489795918367
955,2022-08-18 09:30:00,0.0027424582398403
956,2022-08-19 09:30:00,-0.0108380905104658
957,2022-08-22 09:30:00,-0.0166813410091432
958,2022-08-23 09:30:00,0.000173792144595
959,2022-08-24 09:30:00,0.0015684907633322
960,2022-08-25 09:30:00,0.0058669688780403
961,2022-08-26 09:30:00,-0.0149532710280374
962,2022-08-29 09:30:00,-0.0090737579732279
963,2022-08-30 09:30:00,0.007050398839739
964,2022-08-31 09:30:00,0.013781497316474
965,2022-09-01 09:30:00,0.007332722273144
966,2022-09-02 09:30:00,0.0036185996019539
967,2022-09-06 09:30:00,-0.0004600239212438
968,2022-09-07 09:30:00,0.0033485257185377
969,2022-09-08 09:30:00,-0.014578051430641
970,2022-09-09 09:30:00,0.0092313316881456
971,2022-09-12 09:30:00,0.0048313500939429
972,2022-09-13 09:30:00,-0.0268966133500133
973,2022-09-14 09:30:00,-0.0009494872768703
974,2022-09-15 09:30:00,-0.0084293539856441
975,2022-09-16 09:30:00,-0.0167468719923004
976,2022-09-19 09:30:00,-0.0089803012746234
977,2022-09-20 09:30:00,-0.0099658177266381
978,2022-09-21 09:30:00,0.0015712461946379
979,2022-09-22 09:30:00,0.003311
980,2022-09-23 09:30:00,-0.0079562406762804
981,2022-09-26 09:30:00,-0.0026209677419355
982,2022-09-27 09:30:00,0.0108321522575418
983,2022-09-28 09:30:00,0.0015800203873599
984,2022-09-29 09:30:00,-0.0186656076250992
985,2022-09-30 09:30:00,-0.0023445463812434
986,2022-10-03 09:30:00,0.0125558906103773
987,2022-10-04 09:30:00,0.0218551717192061
988,2022-10-05 09:30:00,-0.0155670505563146
989,2022-10-06 09:30:00,-0.0017119937389943
990,2022-10-07 09:30:00,-0.0168215158924205
991,2022-10-10 09:30:00,0.0
992,2022-10-11 09:30:00,-0.0002674501063721
993,2022-10-12 09:30:00,-0.0007138486640833
994,2022-10-13 09:30:00,-0.0257375381485249
995,2022-10-14 09:30:00,0.0133426966292133
996,2022-10-17 09:30:00,0.0331207570458753
997,2022-10-18 09:30:00,0.0287669874020433
998,2022-10-19 09:30:00,-0.0088945863327087
999,2022-10-20 09:30:00,0.0077735698624676
1000,2022-10-21 09:30:00,-0.0201990049751243
1001,2022-10-24 09:30:00,0.001084064255445
1002,2022-10-25 09:30:00,0.0024278916189182
1003,2022-10-26 09:30:00,-0.0853983987800229
1004,2022-10-27 09:30:00,0.0011069527173053
1005,2022-10-28 09:30:00,0.0008649583738782
1006,2022-10-31 09:30:00,-0.004661280298322
1007,2022-11-01 09:30:00,0.0115161119915476
1008,2022-11-02 09:30:00,0.0019889502762431
1009,2022-11-03 09:30:00,-0.0107996323529413
1010,2022-11-04 09:30:00,0.0277877590130555
1011,2022-11-07 09:30:00,0.0116480221427748
1012,2022-11-08 09:30:00,0.0028764805414551
1013,2022-11-09 09:30:00,0.0001124353496739
1014,2022-11-10 09:30:00,0.0552631578947369
1015,2022-11-11 09:30:00,0.0102029971304069
1016,2022-11-14 09:30:00,-0.010027912746821
1017,2022-11-15 09:30:00,0.0305176544109988
1018,2022-11-16 09:30:00,9.522844696574496e-05
1019,2022-11-17 09:30:00,-0.0169645561950925
1020,2022-11-18 09:30:00,-0.0013701410737846
1021,2022-11-21 09:30:00,0.0041909434733722
1022,2022-11-22 09:30:00,0.0020348533862049
1023,2022-11-23 09:30:00,0.0064738518442413
1024,2022-11-25 09:30:00,-0.0040971168437026
1025,2022-11-28 09:30:00,-0.0067622950819671
1026,2022-11-29 09:30:00,-0.0023896103896103
1027,2022-11-30 09:30:00,-0.0035631942988891
1028,2022-12-01 09:30:00,-0.003790044356826
1029,2022-12-02 09:30:00,-0.0143167456556082
1030,2022-12-05 09:30:00,-0.0076343446361292
1031,2022-12-06 09:30:00,0.0029291007410374
1032,2022-12-07 09:30:00,-0.0124306554345593
1033,2022-12-08 09:30:00,0.0053577056413489
1034,2022-12-09 09:30:00,0.0002128112364332
1035,2022-12-12 09:30:00,-0.0009671179883946
1036,2022-12-13 09:30:00,0.04842847979474
1037,2022-12-14 09:30:00,-0.0017724950474403
1038,2022-12-15 09:30:00,-0.0178871170793117
1039,2022-12-16 09:30:00,-0.0030691658445687
1040,2022-12-19 09:30:00,-0.0027511830086937
1041,2022-12-20 09:30:00,-0.0065066188018846
1042,2022-12-21 09:30:00,0.00055791118054
1043,2022-12-22 09:30:00,-0.0143996455471865
1044,2022-12-23 09:30:00,0.0005662514156286
1045,2022-12-27 09:30:00,-0.006012024048096
1046,2022-12-28 09:30:00,-0.0025579809004092
1047,2022-12-29 09:30:00,0.010875853291681
1048,2022-12-30 09:30:00,-0.017600089968511
1049,2023-01-03 09:30:00,0.0163361874718339
1050,2023-01-04 09:30:00,0.0101460586464487
1051,2023-01-05 09:30:00,-0.0121731289449954
1052,2023-01-06 09:30:00,-0.0017285088730122
1053,2023-01-09 09:30:00,0.0095302927161333
1054,2023-01-10 09:30:00,-0.0228629350152044
1055,2023-01-11 09:30:00,0.0169225596772384
1056,2023-01-12 09:30:00,0.0023850823937554
1057,2023-01-13 09:30:00,-0.0019046582498911
1058,2023-01-17 09:30:00,-0.002370945144951
1059,2023-01-18 09:30:00,0.0115559895833332
1060,2023-01-19 09:30:00,0.0
1061,2023-01-20 09:30:00,0.0253434139069321
1062,2023-01-23 09:30:00,-0.0027206771463119
1063,2023-01-24 09:30:00,-0.0113647593635733
1064,2023-01-25 09:30:00,-0.0251058681185724
1065,2023-01-26 09:30:00,0.0134422500258506
1066,2023-01-27 09:30:00,0.0063514467184191
1067,2023-01-30 09:30:00,-0.0207526561413959
1068,2023-01-31 09:30:00,0.0003062161886291
1069,2023-02-01 09:30:00,0.0032038446135362
1070,2023-02-02 09:30:00,0.0630115373237354
1071,2023-02-03 09:30:00,-0.0453166651346631
1072,2023-02-06 09:30:00,-0.021528371827773
1073,2023-02-07 09:30:00,0.0046376811594204
1074,2023-02-08 09:30:00,-0.0440699935191186
1075,2023-02-09 09:30:00,-0.0047990401919615
1076,2023-02-10 09:30:00,0.0119409238504242
1077,2023-02-13 09:30:00,-0.0032683183974695
1078,2023-02-14 09:30:00,-0.0113684210526315
1079,2023-02-15 09:30:00,-0.0009280522490257
1080,2023-02-16 09:30:00,-0.0140922665019049
1081,2023-02-17 09:30:00,-0.0021923960726968
1082,2023-02-21 09:30:00,-0.0204038481869119
1083,2023-02-22 09:30:00,0.0009777294948398
1084,2023-02-23 09:30:00,-0.0014159677595032
1085,2023-02-24 09:30:00,-0.0154825958054243
1086,2023-02-27 09:30:00,0.0073833762165789
1087,2023-02-28 09:30:00,-0.0023688006213247
1088,2023-03-01 09:30:00,0.0
1089,2023-03-02 09:30:00,-0.007840971838763
1090,2023-03-03 09:30:00,0.0046582168779112
1091,2023-03-06 09:30:00,0.0057963307630948
1092,2023-03-07 09:30:00,-0.000836820083682
1093,2023-03-08 09:30:00,0.0066829475472498
1094,2023-03-09 09:30:00,-0.0012675610013732
1095,2023-03-10 09:30:00,0.0003237642995899
1096,2023-03-13 09:30:00,-0.0048341023950779
1097,2023-03-14 09:30:00,0.0152738380973163
1098,2023-03-15 09:30:00,-0.0072156196943972
1099,2023-03-16 09:30:00,0.0002071251035624
1100,2023-03-17 09:30:00,0.0015337423312884
1101,2023-03-20 09:30:00,-0.008390243902439
1102,2023-03-21 09:30:00,0.0013730874852884
1103,2023-03-22 09:30:00,-0.0097298318533912
1104,2023-03-23 09:30:00,0.0197658798695068
1105,2023-03-24 09:30:00,-0.0025423728813559
1106,2023-03-27 09:30:00,-0.013103318250377
1107,2023-03-28 09:30:00,-0.008536230478223
1108,2023-03-29 09:30:00,0.007642621172526
1109,2023-03-30 09:30:00,-0.0134458730002944
1110,2023-03-31 09:30:00,0.0037562900838679
1111,2023-04-03 09:30:00,-0.0139964407676398
1112,2023-04-04 09:30:00,-0.0019546147978641
1113,2023-04-05 09:30:00,0.0116511318242342
1114,2023-04-06 09:30:00,0.0046684451219514
1115,2023-04-10 09:30:00,-0.0155476590318633
1116,2023-04-11 09:30:00,-0.0037735496236734
1117,2023-04-12 09:30:00,0.0087628380288327
1118,2023-04-13 09:30:00,0.0170055101653048
1119,2023-04-14 09:30:00,0.0002772130844574
1120,2023-04-17 09:30:00,-0.0351630285870855
1121,2023-04-18 09:30:00,-0.0014093770553416
1122,2023-04-19 09:30:00,-0.0110329085029484
1123,2023-04-20 09:30:00,-0.0012378594553418
1124,2023-04-21 09:30:00,0.0032096667610685
1125,2023-04-24 09:30:00,-0.0008497781134926
1126,2023-04-25 09:30:00,-0.0059468065180745
1127,2023-04-26 09:30:00,-0.0060183416125335
1128,2023-04-27 09:30:00,0.0020114942528735
1129,2023-04-28 09:30:00,-0.0059974164975087
1130,2023-05-01 09:30:00,-0.004342603714312
1131,2023-05-02 09:30:00,-0.0028421541318477
1132,2023-05-03 09:30:00,0.0007547881875649
1133,2023-05-04 09:30:00,-0.0014134275618374
1134,2023-05-05 09:30:00,-0.0015209125475285
1135,2023-05-08 09:30:00,-0.00103568402222
1136,2023-05-09 09:30:00,0.0090547907234592
1137,2023-05-10 09:30:00,0.0102816118573412
1138,2023-05-11 09:30:00,0.0292019239333749
1139,2023-05-12 09:30:00,0.0019674935842599
1140,2023-05-15 09:30:00,-0.0098355095811428
1141,2023-05-16 09:30:00,0.0038464826053508
1142,2023-05-17 09:30:00,0.0002498334443703
1143,2023-05-18 09:30:00,0.0045286125977768
1144,2023-05-19 09:30:00,0.0052209810587664
1145,2023-05-22 09:30:00,0.0116005516346231
1146,2023-05-23 09:30:00,-0.0091364105823469
1147,2023-05-24 09:30:00,-0.012244566980214
1148,2023-05-25 09:30:00,0.0333771785596843
1149,2023-05-26 09:30:00,-0.0059519021957692
1150,2023-05-30 09:30:00,0.0019897918494298
1151,2023-05-31 09:30:00,-0.0080237503008906
1152,2023-06-01 09:30:00,0.0059482863270343
1153,2023-06-02 09:30:00,0.0101310605451474
1154,2023-06-05 09:30:00,0.0015968063872255
1155,2023-06-06 09:30:00,-0.0033164876816171
1156,2023-06-07 09:30:00,0.0046922655822319
1157,2023-06-08 09:30:00,-0.0035781084817434
1158,2023-06-09 09:30:00,-0.0017120495679112
1159,2023-06-12 09:30:00,0.0021158854166667
1160,2023-06-13 09:30:00,0.010048231511254
1161,2023-06-14 09:30:00,-0.0066693451185214
1162,2023-06-15 09:30:00,-0.0032607122759065
1163,2023-06-16 09:30:00,0.0023849272597185
1164,2023-06-20 09:30:00,-0.002175401845063
1165,2023-06-21 09:30:00,-0.0100944843737381
1166,2023-06-22 09:30:00,-0.0128252711452019
1167,2023-06-23 09:30:00,-0.0122709291999677
1168,2023-06-26 09:30:00,-0.0106486750121931
1169,2023-06-27 09:30:00,-0.0107472712006717
1170,2023-06-28 09:30:00,-0.0088227880010084
1171,2023-06-29 09:30:00,-0.0066875825627477
1172,2023-06-30 09:30:00,0.0096650558240294
1173,2023-07-03 09:30:00,-0.0027290770757525
1174,2023-07-05 09:30:00,0.003080623755806
1175,2023-07-06 09:30:00,-0.0177756033920417
1176,2023-07-07 09:30:00,-0.000413564929694
1177,2023-07-10 09:30:00,-0.0108198085726176
1178,2023-07-11 09:30:00,-0.0059895610507401
1179,2023-07-12 09:30:00,0.0114678899082567
1180,2023-07-13 09:30:00,0.0145030510741452
1181,2023-07-14 09:30:00,0.0050464594681192
1182,2023-07-17 09:30:00,0.0041358466555316
1183,2023-07-18 09:30:00,-0.0054378248700519
1184,2023-07-19 09:30:00,0.008058017727639
1185,2023-07-20 09:30:00,-0.0024435937118187
1186,2023-07-21 09:30:00,0.0080729493453799
1187,2023-07-24 09:30:00,0.0210325047801145
1188,2023-07-25 09:30:00,0.0028712059064806
1189,2023-07-26 09:30:00,0.0665309446254072
1190,2023-07-27 09:30:00,0.0107332870691649
1191,2023-07-28 09:30:00,0.0104720104720104
1192,2023-07-31 09:30:00,0.0014287862836517
1193,2023-08-01 09:30:00,-0.0154730161114657
1194,2023-08-02 09:30:00,-0.0153146322971948
1195,2023-08-03 09:30:00,-0.0017877963466771
1196,2023-08-04 09:30:00,0.010950605778192
1197,2023-08-07 09:30:00,0.0085546479968883
1198,2023-08-08 09:30:00,-0.0050776809397498
1199,2023-08-09 09:30:00,0.002844680447563
1200,2023-08-10 09:30:00,0.0091425937307929
1201,2023-08-11 09:30:00,-0.0097512285012285
1202,2023-08-14 09:30:00,-0.0018049848304465
1203,2023-08-15 09:30:00,7.582650894755183e-05
1204,2023-08-16 09:30:00,-0.0059098933149127
1205,2023-08-17 09:30:00,0.012465159492103
1206,2023-08-18 09:30:00,-0.0055973010274497
1207,2023-08-21 09:30:00,0.0009366219169528
1208,2023-08-22 09:30:00,0.0022498060512023
1209,2023-08-23 09:30:00,0.0129920197386175
1210,2023-08-24 09:30:00,0.0097211275006567
1211,2023-08-25 09:30:00,-0.0035273368606703
1212,2023-08-28 09:30:00,0.0082657278432574
1213,2023-08-29 09:30:00,0.0122846021351989
1214,2023-08-30 09:30:00,0.0015132501660886
1215,2023-08-31 09:30:00,0.003038335158817
1216,2023-09-01 09:30:00,0.0056081573197377
1217,2023-09-05 09:30:00,-0.0016814094597557
1218,2023-09-06 09:30:00,-0.0012433262634388
1219,2023-09-07 09:30:00,-0.0048751661988476
1220,2023-09-08 09:30:00,-0.0007341065922771
1221,2023-09-11 09:30:00,0.0059406662293168
1222,2023-09-12 09:30:00,-0.0060617059891107
1223,2023-09-13 09:30:00,-0.00191036002939
1224,2023-09-14 09:30:00,0.0045814849829102
1225,2023-09-15 09:30:00,0.0008994099870485
1226,2023-09-18 09:30:00,7.229612492776205e-05
1227,2023-09-19 09:30:00,-0.0048208375305798
1228,2023-09-20 09:30:00,-0.0028814291888776
1229,2023-09-21 09:30:00,-0.019612213059951
1230,2023-09-22 09:30:00,0.0005329272934906
1231,2023-09-25 09:30:00,-0.0038930070622652
1232,2023-09-26 09:30:00,-0.0088327407519479
1233,2023-09-27 09:30:00,0.0022400741541788
1234,2023-09-28 09:30:00,-0.002910390993458
1235,2023-09-29 09:30:00,0.0058584948174853
1236,2023-10-02 09:30:00,0.0050068274920345
1237,2023-10-03 09:30:00,-0.0039206983281551
1238,2023-10-04 09:30:00,0.0045012001200119
1239,2023-10-05 09:30:00,-0.00168856912121
1240,2023-10-06 09:30:00,-0.0044485294117646
1241,2023-10-09 09:30:00,-0.0077854671280277
1242,2023-10-10 09:30:00,-0.001648509174312
1243,2023-10-11 09:30:00,0.0087649974854515
1244,2023-10-12 09:30:00,-0.0009880028228651
1245,2023-10-13 09:30:00,0.0026375819788992
1246,2023-10-16 09:30:00,0.0066382855905908
1247,2023-10-17 09:30:00,-0.0063358724282763
1248,2023-10-18 09:30:00,-0.0021985815602837
1249,2023-10-19 09:30:00,0.0053844497092396
1250,2023-10-20 09:30:00,-0.008492263404102
1251,2023-10-23 09:30:00,-0.0009873473268484
1252,2023-10-24 09:30:00,0.0108064984044096
1253,2023-10-25 09:30:00,-0.0834046498359719
1254,2023-10-26 09:30:00,-0.0227362437830582
