,date,means,std
0,2018-10-29,3.143766920752656e-05,0.0007886722314412314
1,2018-10-30,7.549201254420713e-05,0.0008538420319984765
2,2018-10-31,-4.855963817358728e-05,0.0008699771045286796
3,2018-11-01,-4.732939773464211e-05,0.0007437616856718881
4,2018-11-02,2.6773955994984946e-05,0.0008586607647720621
5,2018-11-05,2.670421970219071e-05,0.0004877121344834126
6,2018-11-06,6.011693868705937e-07,0.0005536766993831594
7,2018-11-07,1.8501506260333254e-05,0.0006193677293006034
8,2018-11-08,3.029944881368533e-05,0.0006583948878808617
9,2018-11-09,6.328183562502008e-06,0.0005977602960247107
10,2018-11-12,1.293577379242758e-05,0.0006988786242368867
11,2018-11-13,-2.3893933499269063e-06,0.0006813783520802914
12,2018-11-14,1.2921500995218198e-05,0.0007477587047459324
13,2018-11-15,5.951154685636036e-06,0.0007802808546255003
14,2018-11-16,5.0464540601536345e-05,0.0006162507526110032
15,2018-11-19,1.552542326191215e-05,0.0007118083542190672
16,2018-11-20,-4.8587711782598574e-05,0.0010236858267205608
17,2018-11-21,-1.2707342270694474e-05,0.0007220344932281113
18,2018-11-23,-2.2908581162374065e-05,0.0005694815979550143
19,2018-11-26,2.3278948588702955e-05,0.0006457069132509659
20,2018-11-27,6.395048362713687e-05,0.0006002513809669956
21,2018-11-28,-2.56798723973273e-05,0.0006865078761924681
22,2018-11-29,-2.5048126588185485e-05,0.0007330633282105494
23,2018-11-30,3.448991108077789e-05,0.0006656562451535534
24,2018-12-03,-8.904965544296621e-05,0.0014190745588432024
25,2018-12-04,-1.8781373344340853e-06,0.0008091809723584232
26,2018-12-06,-2.3164487022057627e-06,0.0008154386664597373
27,2018-12-07,-1.699966667348353e-05,0.0007477821843803627
28,2018-12-10,2.639488835070707e-05,0.0007755600398518023
29,2018-12-11,2.622071203987646e-05,0.0008836044522244862
30,2018-12-12,-7.01407842035988e-05,0.0010198055752914056
31,2018-12-13,-9.673530805955382e-06,0.0006284781507544686
32,2018-12-14,2.867591802900454e-06,0.0005870042656941854
33,2018-12-17,-5.1501162376142426e-05,0.0006453454495840211
34,2018-12-18,-1.307303227716376e-05,0.0007071252918966216
35,2018-12-19,8.387394382483064e-06,0.0010675734251431436
36,2018-12-20,-3.602784709496164e-05,0.0010076659407380977
37,2018-12-21,-7.402965556325148e-06,0.0010285904190561112
38,2018-12-24,-8.645841668940778e-05,0.000998009468842407
39,2018-12-26,6.739693209572527e-05,0.0011013578554113365
40,2018-12-27,3.4243365117336393e-05,0.001059213681612794
41,2018-12-28,5.117308085348957e-06,0.0009756552268874873
42,2018-12-31,4.399332497471342e-05,0.0007682069776892192
43,2019-01-02,-9.414264485604597e-06,0.0007701252186569035
44,2019-01-03,9.74199585824943e-06,0.0009900016307879554
45,2019-01-04,7.139857427038394e-06,0.0007844784637457956
46,2019-01-07,1.656449486329006e-05,0.0006916779590735967
47,2019-01-08,7.390639398909166e-05,0.0008710657547433888
48,2019-01-09,-6.047146754047896e-05,0.0009217738345237726
49,2019-01-10,2.565657403467116e-05,0.0005347666250952675
50,2019-01-11,1.9647705875203937e-05,0.0005005333697831423
51,2019-01-14,5.478636848466026e-07,0.00046079866776307
52,2019-01-15,3.2524095676612257e-06,0.000567092752971992
53,2019-01-16,-4.573207673838355e-05,0.0005279311161310956
54,2019-01-17,-1.1104628805018917e-05,0.0005562904107592441
55,2019-01-18,1.1840884429675037e-05,0.0005156768787178487
56,2019-01-22,-3.4567732076073167e-06,0.0005300022011462238
57,2019-01-23,3.410328265843326e-05,0.0005196486874571437
58,2019-01-24,-3.013521602148456e-05,0.000686388643093041
59,2019-01-25,-3.106352412383409e-05,0.0005026617143089052
60,2019-01-28,-5.952615921137824e-05,0.0007582611990118102
61,2019-01-29,-8.375741714808462e-05,0.0018208885041900936
62,2019-01-30,3.505238996989919e-05,0.0008876069549624849
63,2019-01-31,4.870477741723942e-05,0.0007167723987567205
64,2019-02-01,-2.233766025782653e-05,0.0005019054456288762
65,2019-02-04,-2.3984415537415203e-05,0.00044870381153326025
66,2019-02-05,4.850660520316534e-06,0.00047009302168523216
67,2019-02-06,-1.6527927603035998e-05,0.00045215242473992627
68,2019-02-07,-1.0876690800996378e-05,0.0004708109624073895
69,2019-02-08,1.9191137558826464e-05,0.00047544371540426744
70,2019-02-11,4.82322039216992e-06,0.00038978751248949485
71,2019-02-12,1.620476856789682e-05,0.0005086419311206332
72,2019-02-13,3.3523573238874285e-06,0.00033231825618675254
73,2019-02-14,-2.0204045322989968e-05,0.0004857859727241294
74,2019-02-15,5.367514948283201e-05,0.000540485054073952
75,2019-02-19,1.2154149235372198e-05,0.0004494187252111742
76,2019-02-20,1.6650214014803947e-05,0.0003287119877288499
77,2019-02-21,1.6171918861639552e-05,0.0005278320934657619
78,2019-02-22,3.508511536635321e-05,0.0005690203515930349
79,2019-02-25,-5.2911204698897095e-06,0.0004912275153046962
80,2019-02-26,-6.6763122278912e-06,0.0004567069542189755
81,2019-02-27,3.2410483496830236e-06,0.00038683011871533293
82,2019-02-28,8.678499484568073e-06,0.0004559916492796656
83,2019-03-01,2.7875649345021697e-06,0.00041446338321298105
84,2019-03-04,-3.290069416069638e-05,0.0005786312370821635
85,2019-03-05,-7.175462612630589e-06,0.0005096952484275739
86,2019-03-06,-1.774109746616672e-05,0.0005533796734804235
87,2019-03-07,2.807056796800845e-05,0.0005243104943233517
88,2019-03-08,1.055012550266008e-05,0.0004397078686422158
89,2019-03-11,4.6847717639017866e-05,0.0004540854302242713
90,2019-03-12,-5.718620396612068e-06,0.00039539971472339765
91,2019-03-13,9.408642505338865e-06,0.0003209092388883563
92,2019-03-14,1.4691791728415779e-05,0.00033538635783302424
93,2019-03-15,1.9916277745061203e-05,0.0004299485659863832
94,2019-03-18,-1.574792316081102e-05,0.0004450317200197617
95,2019-03-19,-2.43134785800529e-05,0.0004186260325010558
96,2019-03-20,5.917213806634673e-06,0.0005078736984285822
97,2019-03-21,2.927692326164511e-05,0.00042102633013173143
98,2019-03-22,6.276915329603759e-05,0.0006557268207420371
99,2019-03-25,1.4674489128585087e-05,0.0005007273726525907
100,2019-03-26,2.2605764926537324e-05,0.0004225907443251744
101,2019-03-27,1.1078006099559573e-05,0.0004566471201464265
102,2019-03-28,-7.723819811498485e-05,0.0005434661201961948
103,2019-03-29,1.9179108168458875e-06,0.0006043923733477311
104,2019-04-01,-1.6343152288686212e-06,0.0004509997051956871
105,2019-04-02,-2.3476403670527896e-05,0.00037824378994930817
106,2019-04-03,1.406704181909618e-05,0.0004164376642756781
107,2019-04-04,6.15475200922125e-06,0.0003530668795906118
108,2019-04-05,3.520290281454742e-06,0.00030140374280500224
109,2019-04-08,1.7873035083820657e-06,0.00032157314060175286
110,2019-04-09,-3.0216961778775054e-05,0.0008085038924891823
111,2019-04-10,9.2555122156824e-06,0.0003271045360385099
112,2019-04-11,-2.136656726145227e-06,0.0003208015656613245
113,2019-04-12,7.475124998960396e-06,0.00029548619452852867
114,2019-04-15,-1.28252912693588e-06,0.00023420940044473188
115,2019-04-16,3.970054867598261e-06,0.0002915530523637451
116,2019-04-17,-4.468293219335908e-05,0.0006091082648968549
117,2019-04-18,1.1640376519788775e-05,0.0005066581919212222
118,2019-04-22,1.5040467218916308e-05,0.0003570942033152846
119,2019-04-23,-5.383240797786809e-05,0.0012349631483159452
120,2019-04-24,-3.4583262409569803e-06,0.0005173513521719666
121,2019-04-25,-5.502649659460745e-05,0.0005486051203433207
122,2019-04-26,3.2749176985522864e-05,0.0005182123223453751
123,2019-04-29,1.2730473403023258e-05,0.00037573003754731217
124,2019-04-30,1.3574579629753732e-05,0.00039839758319440346
125,2019-05-01,-2.835296874167923e-05,0.00037268637116944035
126,2019-05-02,2.185243886446407e-05,0.0005812673749842417
127,2019-05-03,9.953772861260308e-06,0.00039103425475593896
128,2019-05-06,-1.3836165798216276e-05,0.0004316486590193977
129,2019-05-07,-1.250868831128305e-05,0.0005255843919133993
130,2019-05-08,-1.0771478891268501e-05,0.00048706501412450887
131,2019-05-09,3.5194968095192986e-06,0.00047265653578129
132,2019-05-10,2.1608604471330023e-05,0.0005078267913344246
133,2019-05-13,-7.95937963599509e-06,0.0005648577958220865
134,2019-05-14,-8.943896700042705e-06,0.0004630113998909933
135,2019-05-15,1.187161266989404e-05,0.0004732095268536799
136,2019-05-16,2.569828125093728e-05,0.00045637683733480645
137,2019-05-17,3.080844079564892e-05,0.0005727966318856586
138,2019-05-20,4.142068748228903e-05,0.0015049410429769003
139,2019-05-21,2.1752974153615214e-05,0.00047939489001612646
140,2019-05-22,-1.0592415576354575e-05,0.000638483115804172
141,2019-05-23,-1.5419886384058727e-05,0.0006429910285961789
142,2019-05-24,1.9585358324434492e-05,0.00036488361020707403
143,2019-05-28,-2.8146912039031596e-05,0.0004350015061523641
144,2019-05-29,-2.3125151132858923e-05,0.0005200972778201347
145,2019-05-30,-5.919778316711433e-05,0.0010641316962811788
146,2019-05-31,-0.00011261566845481761,0.0016252954986637868
147,2019-06-03,9.336115466241606e-05,0.0006957902768341234
148,2019-06-04,-6.201494032277583e-06,0.0005936824586056094
149,2019-06-05,3.7285345307374836e-05,0.0005594095783786665
150,2019-06-06,2.2721837675644447e-05,0.0004912550440868003
151,2019-06-07,-1.4767453262314517e-05,0.0006388847399857716
152,2019-06-10,-4.827437904438678e-05,0.0005203984924645195
153,2019-06-11,3.106015891052735e-05,0.0006147944771940059
154,2019-06-12,2.5359052704665684e-05,0.0006523396508671251
155,2019-06-13,1.1224933888238666e-05,0.00039444345112002395
156,2019-06-14,2.887352661682308e-05,0.0004799444246437848
157,2019-06-17,-2.8597262767776353e-05,0.0005673054529318194
158,2019-06-18,-1.236624671889744e-05,0.0004944885521461218
159,2019-06-19,1.2620384929553275e-05,0.0005145074558157163
160,2019-06-20,-1.2820236418034896e-05,0.0004803938150573195
161,2019-06-21,1.9711737991078433e-05,0.00047171752181387317
162,2019-06-24,2.2232829053893916e-05,0.0005293385186691706
163,2019-06-25,-1.2259240530346172e-05,0.00042305616811111725
164,2019-06-26,-4.45066375791626e-05,0.00041670862380657466
165,2019-06-27,1.0870248568964713e-05,0.0004403235945849632
166,2019-06-28,-5.110115406462263e-06,0.0003055364550035505
167,2019-07-01,-1.9988713626447956e-05,0.0003567718576163965
168,2019-07-02,6.537078395138483e-05,0.0005616877269028638
169,2019-07-03,-3.7285790311658814e-07,0.0003698357674575547
170,2019-07-05,8.004366599212694e-06,0.00039228691153641595
171,2019-07-08,-1.799006665464375e-05,0.0004534002373269996
172,2019-07-09,-6.568923014749382e-05,0.001179438947594388
173,2019-07-10,2.632203576392722e-05,0.000441592219410835
174,2019-07-11,-3.984621779824234e-06,0.0003669848073353388
175,2019-07-12,1.3086518546118216e-05,0.0003276955406888226
176,2019-07-15,1.7511424746564057e-05,0.0004202978678097591
177,2019-07-16,-7.951582975387115e-06,0.00038817823523983085
178,2019-07-17,-7.980456358954249e-06,0.00037862909176586396
179,2019-07-18,-3.4873307561110697e-07,0.00044631637478276926
180,2019-07-19,-2.7375925554036592e-05,0.0004595104548377513
181,2019-07-22,-5.064772293241465e-05,0.0005043863641454793
182,2019-07-23,-3.074607356880902e-07,0.0005566366306032916
183,2019-07-24,2.27104176677677e-05,0.0005795906356791335
184,2019-07-25,1.931350705248511e-05,0.0005439943092497571
185,2019-07-26,3.085450744472727e-05,0.0004990419521055776
186,2019-07-29,1.2166837913376797e-05,0.00036552833038875433
187,2019-07-30,-3.2299481066030514e-05,0.0004360063745341883
188,2019-07-31,-6.58143890822932e-05,0.0006752282674516076
189,2019-08-01,3.6644036145156785e-06,0.0013326168984273928
190,2019-08-02,1.6006619663210608e-05,0.0007436257595435131
191,2019-08-05,-1.597415228851102e-05,0.0006651075504012931
192,2019-08-06,-8.193447545606389e-06,0.0005928818692946711
193,2019-08-07,1.7165930856864177e-06,0.0008000733866670905
194,2019-08-08,3.3872582300200154e-05,0.00048670687592727114
195,2019-08-09,-1.2352758196553347e-06,0.0005356505674804459
196,2019-08-12,-6.218471455538486e-06,0.0005584220197229917
197,2019-08-13,3.337953968418724e-05,0.0006268216233050094
198,2019-08-14,-3.114934549872512e-05,0.0007377470626503635
199,2019-08-15,2.78828134270771e-05,0.0006040351622060641
200,2019-08-16,1.5809925586501995e-05,0.0005421579646265868
201,2019-08-19,1.5915738844299092e-05,0.0004959925818742656
202,2019-08-20,-3.2488319199620326e-05,0.0004612305845474655
203,2019-08-21,1.4186610830226405e-05,0.0004518389034850131
204,2019-08-22,8.686723363927227e-06,0.00042989835375352415
205,2019-08-23,-3.804917560190731e-05,0.0005780775575066023
206,2019-08-26,3.604373052146625e-05,0.00041393330470489154
207,2019-08-27,2.101338842888565e-05,0.0007847221375434492
208,2019-08-28,3.4389215807783894e-05,0.0004391599832291508
209,2019-08-29,-7.955459236946387e-07,0.00042342359788750315
210,2019-08-30,7.367572525283111e-06,0.0003902599824213967
211,2019-09-03,-1.9109132059262044e-06,0.00038945846245476076
212,2019-09-04,5.3740754390729e-06,0.00040048568314750115
213,2019-09-05,1.7652344141284758e-05,0.0004099181497842117
214,2019-09-06,2.1858478729113544e-05,0.00036277981529206414
215,2019-09-09,-1.813561360392448e-05,0.0005624712599962546
216,2019-09-10,4.371533090367768e-05,0.000560678314584561
217,2019-09-11,1.9149552558253736e-05,0.00043981503725063956
218,2019-09-12,1.3061416994872996e-05,0.00041020895118255895
219,2019-09-13,-1.9679492597543006e-05,0.0005138079801240315
220,2019-09-16,-1.923961184045734e-05,0.00039950514727898624
221,2019-09-17,1.5771426828238605e-05,0.000424846312503939
222,2019-09-18,2.531999718999584e-06,0.000595940491395385
223,2019-09-19,2.6331738081555427e-06,0.0003663434591675454
224,2019-09-20,1.2668023422002906e-05,0.00041965761643850987
225,2019-09-23,-2.705894459866152e-06,0.00034884121776144523
226,2019-09-24,1.3733666796170878e-05,0.0005341547488635416
227,2019-09-25,-1.0969715435644004e-05,0.00036863373167072373
228,2019-09-26,8.142321022359663e-06,0.00037916721998859903
229,2019-09-27,-6.287726828081224e-06,0.0003939192439989035
230,2019-09-30,1.331582763312168e-06,0.0003489240715965886
231,2019-10-01,-2.1242661165280423e-05,0.0004312611014287754
232,2019-10-02,-3.9185430566394514e-05,0.0004613844159101788
233,2019-10-03,4.895314642549828e-06,0.0004769894983911582
234,2019-10-04,3.629646977555494e-05,0.0003793912593069953
235,2019-10-07,1.5023624545306574e-05,0.00040023876038114035
236,2019-10-08,-2.2119955090678064e-05,0.0004765075869870881
237,2019-10-09,-2.0461000347593207e-05,0.0006841754102685396
238,2019-10-10,2.6367699828829774e-05,0.00043677373912575263
239,2019-10-11,3.104663605025315e-06,0.00046310989379382407
240,2019-10-14,-1.3690286688010365e-05,0.00029048789731928433
241,2019-10-15,4.103641715099472e-05,0.00033768823506831366
242,2019-10-16,-1.0116154062871384e-05,0.0003670604513594262
243,2019-10-17,4.309550987090081e-06,0.0003511633483025872
244,2019-10-18,2.752675109395935e-05,0.00041158573208265726
245,2019-10-21,-1.3413181535312145e-05,0.0003464369014201884
246,2019-10-22,2.2518375287048317e-06,0.0005336969762573273
247,2019-10-23,3.860629293886186e-06,0.0003672502896316955
248,2019-10-24,-1.2173817761842973e-05,0.0003727963816468282
249,2019-10-25,-9.976130555844509e-06,0.0012947135874633758
250,2019-10-28,-6.927140679397615e-06,0.0004354492262663248
251,2019-10-29,4.7151058490393124e-07,0.00030173474304038666
252,2019-10-30,2.7639422373892305e-05,0.00043173695079264427
253,2019-10-31,-1.4281659275463531e-05,0.00042477817622105116
254,2019-11-01,-5.231072846765929e-06,0.0007589078448508965
255,2019-11-04,-2.018281710012316e-05,0.0007589400059059102
256,2019-11-05,-1.624890253759778e-05,0.0003869100285240601
257,2019-11-06,2.6640059882647712e-05,0.0003457753085567278
258,2019-11-07,1.7084027167500692e-05,0.0004017585136741438
259,2019-11-08,-5.03174956331609e-05,0.0005818247512731496
260,2019-11-11,1.2122091824267521e-05,0.00032157160279031396
261,2019-11-12,-1.2451367844436365e-05,0.0003202565754534718
262,2019-11-13,3.5608633600171987e-06,0.0004602548657524165
263,2019-11-14,-3.763115305512653e-06,0.0004981390803734195
264,2019-11-15,7.835377284725245e-06,0.0003654960443035694
265,2019-11-18,-2.9755433138803603e-06,0.00029301158175160986
266,2019-11-19,3.0788570455810153e-06,0.00034827323287276737
267,2019-11-20,-1.223815445821917e-06,0.0003728609884944554
268,2019-11-21,5.670464871541668e-06,0.00037868102743415425
269,2019-11-22,5.641174945338312e-06,0.0003303167575505016
270,2019-11-25,-1.4600377891987524e-05,0.0002716856959234576
271,2019-11-26,2.026439835280865e-05,0.00032381272875692295
272,2019-11-27,1.0760259817707647e-05,0.00038489060601986166
273,2019-11-29,5.579114180666032e-06,0.0002822498928408781
274,2019-12-02,-1.1023342556206268e-05,0.0003675740393161003
275,2019-12-03,6.895120118290309e-06,0.00035910750178891224
276,2019-12-04,1.7064852592483587e-05,0.0003663753704870028
277,2019-12-05,1.2716117553087324e-05,0.00028763300080382877
278,2019-12-06,1.4754283916918213e-05,0.00030279255909608694
279,2019-12-09,-7.931329198743807e-06,0.00029279850865580225
280,2019-12-10,9.694408095008825e-06,0.00029906084009744145
281,2019-12-11,-6.23810395092181e-06,0.0003199968301492188
282,2019-12-12,3.843368278139624e-06,0.0003692965986625767
283,2019-12-13,-1.5483015093900146e-05,0.00038384255136960694
284,2019-12-16,1.7710836146373214e-05,0.00034417925853988895
285,2019-12-17,1.0509279957076212e-05,0.00034609462592449114
286,2019-12-18,-2.5528241254617985e-05,0.00029534119174446483
287,2019-12-19,-3.331013128825254e-06,0.0002891547714931728
288,2019-12-20,5.32186050498468e-05,0.0006220459873916977
289,2019-12-23,-2.653374272313795e-05,0.00031684963607832994
290,2019-12-24,-5.378540343681328e-06,0.00033265733077627576
291,2019-12-26,8.571134838637265e-07,0.00020225926401418295
292,2019-12-27,9.63365315733776e-06,0.0002493219371158541
293,2019-12-30,-1.3328189349885569e-05,0.00028911588366738373
294,2019-12-31,6.7200982711538724e-06,0.00022998720160972806
295,2020-01-02,-1.2937912966902797e-05,0.00030677805728151076
296,2020-01-03,-2.7476398952006917e-05,0.0008807008105367603
297,2020-01-06,-5.4665959937293086e-06,0.0003413482927714271
298,2020-01-07,-2.8786717392450697e-05,0.0004288941607556192
299,2020-01-08,5.6480344236865244e-06,0.00034918469659014884
300,2020-01-09,-3.7985525262113626e-05,0.0007629186461879077
301,2020-01-10,6.141376884831423e-06,0.00030942444159204563
302,2020-01-13,7.456425780290674e-06,0.000391526143806387
303,2020-01-14,-5.159031152598878e-06,0.00031064754858057804
304,2020-01-15,3.092939094013802e-06,0.0003294667648068448
305,2020-01-16,2.448253310093969e-05,0.00041472386003306606
306,2020-01-17,1.994619931359388e-05,0.0002836008549405664
307,2020-01-21,8.13821488510939e-06,0.0003129794925476395
308,2020-01-22,6.82064942604481e-06,0.00023821084061131844
309,2020-01-23,1.329186680697661e-06,0.0003399102676138957
310,2020-01-24,-9.703260050602082e-06,0.0003510627544002088
311,2020-01-27,-1.6126629690060386e-05,0.0004207302196691914
312,2020-01-28,3.373130286016104e-05,0.0005199291238319525
313,2020-01-29,-4.938610589293846e-05,0.0004390342295738961
314,2020-01-30,-6.92650092887801e-06,0.0009014176495528459
315,2020-01-31,3.172271306219866e-06,0.0005490895604741552
316,2020-02-03,-6.143484126119726e-05,0.0005123151282248979
317,2020-02-04,1.2514955969524093e-05,0.0005843675806000787
318,2020-02-05,3.59145958764352e-05,0.0004493660937490773
319,2020-02-06,1.4360926216227899e-05,0.00042039546768912105
320,2020-02-07,2.1143031846594014e-05,0.000437772570219391
321,2020-02-10,1.2868074758843924e-05,0.0003655677913449252
322,2020-02-11,-6.672415222721127e-05,0.0008147374977877243
323,2020-02-12,-1.9420923044941764e-05,0.00043918283794897094
324,2020-02-13,1.8547701162958915e-05,0.0004961975401012913
325,2020-02-14,-6.939144417797256e-06,0.0003587691384340408
326,2020-02-18,-2.588947622019907e-05,0.0004515108894590021
327,2020-02-19,1.33292139709152e-05,0.0004010056845380464
328,2020-02-20,-7.413118107120818e-06,0.00041571586237989014
329,2020-02-21,8.028537530452097e-06,0.0004217971113350542
330,2020-02-24,-1.0020658404583026e-05,0.0005084633569885314
331,2020-02-25,-3.853336208006571e-05,0.0006725042429565281
332,2020-02-26,1.1007295536601979e-06,0.0006380910506294146
333,2020-02-27,-9.599852327424143e-05,0.0009742333698473707
334,2020-02-28,-3.819969144231251e-05,0.002306928747875924
335,2020-03-02,0.00014719708210517247,0.001642918305710647
336,2020-03-03,-7.155093549557885e-05,0.0019764755230233387
337,2020-03-04,0.00010950802735355923,0.0013564095124539658
338,2020-03-05,-4.209073812276818e-05,0.00145428627631241
339,2020-03-06,-1.0627792080798984e-05,0.0017367160476144969
340,2020-03-09,-4.6129601296804575e-05,0.0033839612110670185
341,2020-03-10,3.6025730980045165e-05,0.001888688284971247
342,2020-03-11,-7.67376307139271e-05,0.0017589332227031455
343,2020-03-12,-0.00017501402149146809,0.004271404044420495
344,2020-03-13,0.00014973480373273802,0.002869380751269578
345,2020-03-16,-0.00014724636390991126,0.004774241813185103
346,2020-03-17,0.00016073610479977316,0.0029211921308663156
347,2020-03-18,1.2325652058732334e-05,0.00385849821504327
348,2020-03-19,-3.236094648947956e-05,0.0023735432810832856
349,2020-03-20,-8.050671950821335e-05,0.002307351808626134
350,2020-03-23,-7.749026036025768e-05,0.002438482322687823
351,2020-03-24,-1.2418502295474747e-05,0.001891538149596906
352,2020-03-25,6.400483578082476e-06,0.0021430905415143996
353,2020-03-26,0.00017036002403310915,0.002590765735786527
354,2020-03-27,-3.012196366480966e-05,0.0018670777136771885
355,2020-03-30,9.536652431182487e-05,0.001368551552168092
356,2020-03-31,-4.795093223561154e-05,0.0012136110653759742
357,2020-04-01,-3.6858904523954555e-05,0.0017834614976776667
358,2020-04-02,0.00011108937930155262,0.0014778753521697745
359,2020-04-03,-2.5139524663939018e-05,0.0010144218058504746
360,2020-04-06,8.373402068253477e-05,0.001198461789104632
361,2020-04-07,2.390667495304084e-05,0.0013168107872160006
362,2020-04-08,3.2973273461258416e-05,0.000836007697256556
363,2020-04-09,-1.3651301169237273e-05,0.001094709249569924
364,2020-04-13,-3.347000233142113e-05,0.0006957052801229939
365,2020-04-14,6.553659511475333e-05,0.0007909121026507367
366,2020-04-15,-5.31672441841966e-05,0.0007966129710994437
367,2020-04-16,3.303253688222696e-05,0.000853133561850578
368,2020-04-17,3.6493233427133686e-05,0.000755890825127198
369,2020-04-20,-1.5138914045442449e-05,0.0007119011016777806
370,2020-04-21,-5.8510168538415294e-05,0.0008773632030511593
371,2020-04-22,5.1330124508448986e-05,0.0008803247954883108
372,2020-04-23,-1.787462393004175e-05,0.0008145084066392608
373,2020-04-24,1.6225283025346786e-05,0.0009542363145592789
374,2020-04-27,-5.796105513869118e-06,0.0006169613968080249
375,2020-04-28,3.7101672347751804e-06,0.0005685751143960598
376,2020-04-29,1.2614972814494382e-05,0.0006830965452838366
377,2020-04-30,-3.174820620578715e-05,0.000655234251160972
378,2020-05-01,-2.449394646250247e-05,0.0006223301401723293
379,2020-05-04,-2.705713778299382e-05,0.0005448781465069161
380,2020-05-05,1.0615348560362506e-05,0.0005526739826661216
381,2020-05-06,-3.830511550266233e-05,0.0004807535098382536
382,2020-05-07,-2.5519347431027748e-06,0.0006560967889005535
383,2020-05-08,6.535699490322716e-05,0.0006631253964529975
384,2020-05-11,-2.785242066370728e-05,0.0006090917272006977
385,2020-05-12,-4.297988866072486e-05,0.0004947846966912294
386,2020-05-13,-2.85400196798476e-05,0.000763734470583889
387,2020-05-14,4.439179780447172e-06,0.0006847764505525499
388,2020-05-15,-8.726043053362349e-06,0.0005661740628135809
389,2020-05-18,4.542576346864879e-05,0.0008736347533246943
390,2020-05-19,-6.163379510240721e-05,0.0008158764071712427
391,2020-05-20,-5.444424624406229e-06,0.0006657949796727273
392,2020-05-21,-1.3150150673427524e-05,0.00048668916231684226
393,2020-05-22,6.310493040101108e-06,0.0005329101000077472
394,2020-05-26,1.0712085143882698e-05,0.0007849969089334333
395,2020-05-27,3.8641813083510444e-05,0.0006694838902828274
396,2020-05-28,2.6789232710062795e-05,0.0006157728462657941
397,2020-05-29,6.831354470226275e-05,0.0009133632625087783
398,2020-06-01,-6.458786158585917e-05,0.0007944217830373857
399,2020-06-02,2.8033856647387304e-05,0.0005394616929041144
400,2020-06-03,2.0529184953430348e-05,0.0005455006381938904
401,2020-06-04,1.7218179686450008e-05,0.0005163216228602482
402,2020-06-05,2.1676853869742213e-05,0.0007184113455924199
403,2020-06-08,1.7852509415354217e-05,0.0005265203611389251
404,2020-06-09,-1.0007774309224786e-05,0.0005712792501815117
405,2020-06-10,8.16913896193975e-06,0.0006428872578913335
406,2020-06-11,-7.050040894830356e-05,0.0007135758594609134
407,2020-06-12,2.2127513477487416e-06,0.0008924033134987455
408,2020-06-15,-1.5418401598548064e-05,0.0010111529669497436
409,2020-06-16,3.867356658773564e-05,0.0011041862203108206
410,2020-06-17,-1.5640052214495527e-05,0.0005535793607713141
411,2020-06-18,1.0948747555848681e-05,0.00046684404833109586
412,2020-06-19,-3.2497562627694146e-05,0.0005670465868167227
413,2020-06-22,-2.322442294755701e-05,0.0005704539526888315
414,2020-06-23,-3.328229639268196e-05,0.00045212601957816256
415,2020-06-24,-4.632506133343214e-05,0.0007743511478079057
416,2020-06-25,1.5877474324467762e-05,0.0006952939210929247
417,2020-06-26,-5.134295042197226e-05,0.000612999733168559
418,2020-06-29,7.146552127448996e-05,0.0005794954955472644
419,2020-06-30,1.6557508765705374e-05,0.0006383976188940014
420,2020-07-01,-1.764035275687435e-05,0.0004913320762630509
421,2020-07-02,5.858601999515209e-06,0.0006899107622260166
422,2020-07-06,2.1155357269022075e-05,0.0006047755272381661
423,2020-07-07,-8.736817667646987e-06,0.0004422708568077482
424,2020-07-08,1.5378405498406125e-05,0.0003276290700408747
425,2020-07-09,-6.616729150188961e-05,0.0009299118377921423
426,2020-07-10,2.469091780478908e-05,0.0004461553898207527
427,2020-07-13,-1.2635498064992195e-06,0.0005462400496230595
428,2020-07-14,4.6371337250473615e-05,0.0005821628395831553
429,2020-07-15,-1.7528917841413437e-05,0.0004620565129615774
430,2020-07-16,3.389803794969937e-05,0.0005011754947316751
431,2020-07-17,2.3455900442849472e-05,0.0004958220127069225
432,2020-07-20,-1.9567054177107334e-05,0.00042858619799433285
433,2020-07-21,-1.2545921772541932e-06,0.0004958919169963138
434,2020-07-22,-3.5600698720920793e-06,0.0004823737164100287
435,2020-07-23,7.022167141413261e-06,0.0005177796101546182
436,2020-07-24,4.2912954940491894e-05,0.0008805364945272104
437,2020-07-27,1.498204336773681e-06,0.0005397568414599797
438,2020-07-28,2.8115943414094557e-05,0.0004303166295141471
439,2020-07-29,-1.4577851363720367e-06,0.00045540687291102785
440,2020-07-30,-6.3650719941003456e-06,0.0004759252204968959
441,2020-07-31,7.769539031468584e-06,0.0005940270082388235
442,2020-08-03,-1.1034658528670213e-05,0.0005297141364887152
443,2020-08-04,3.040959285170275e-05,0.0005059415347752726
444,2020-08-05,-1.6779155957412362e-05,0.00044477018000347625
445,2020-08-06,1.340845569946366e-05,0.0003864394374206476
446,2020-08-07,3.0490067526024737e-05,0.0004061427073453908
447,2020-08-10,2.0608456426293065e-05,0.00044898113138586274
448,2020-08-11,-2.120351585550695e-05,0.0006018217524590815
449,2020-08-12,3.634001846412126e-06,0.0005119507009038136
450,2020-08-13,-2.988687328635449e-06,0.00039180929885704904
451,2020-08-14,1.1856330852448927e-05,0.0003265770757573235
452,2020-08-17,9.10223363532863e-07,0.0002763038443833351
453,2020-08-18,1.5696118928723454e-05,0.00031000633781764103
454,2020-08-19,-4.684224132601353e-06,0.00041769648454854886
455,2020-08-20,-3.861924150113515e-06,0.0003115327052908342
456,2020-08-21,1.3705578229303032e-06,0.0003649734805868323
457,2020-08-24,2.643042297116502e-05,0.0003350170028248749
458,2020-08-25,-7.686458272824659e-06,0.0003689010641360879
459,2020-08-26,1.4185360399946507e-06,0.0004994166872847204
460,2020-08-27,-3.6752422795754563e-07,0.0003575220649901391
461,2020-08-28,-7.714192539003535e-06,0.0003497872770853471
462,2020-08-31,-1.2338880394799122e-06,0.00035895916864884256
463,2020-09-01,-2.5292382778387724e-06,0.00037214140219193393
464,2020-09-02,5.627876386997199e-05,0.000525524602267913
465,2020-09-03,5.9988254960240644e-06,0.0007530438293207552
466,2020-09-04,-5.810250751365068e-06,0.0008133615254828683
467,2020-09-08,-2.1446222429336354e-05,0.0007316701437636055
468,2020-09-09,2.309080001947773e-06,0.0005876241632183264
469,2020-09-10,-2.0876019466899658e-05,0.0005352272057022072
470,2020-09-11,1.0003164738826586e-05,0.00048134157565383833
471,2020-09-14,2.3708212841404736e-05,0.000661161907514592
472,2020-09-15,1.2368798294318174e-05,0.00037146837896971944
473,2020-09-16,-9.22770028866448e-06,0.0004428726499504654
474,2020-09-17,9.029889096875854e-06,0.0005055655208775865
475,2020-09-18,-1.0054969181911516e-05,0.0004939269457134217
476,2020-09-21,-3.144732002715133e-05,0.0006121696476743324
477,2020-09-22,9.577303898208549e-06,0.0005134857898196065
478,2020-09-23,-3.916503863666169e-05,0.0005168363397128004
479,2020-09-24,1.1886773331131714e-05,0.0005727736135899472
480,2020-09-25,8.791326318341959e-06,0.0005332539026583358
481,2020-09-28,-2.7026135797463215e-07,0.0005693586534732242
482,2020-09-29,-5.990591763828655e-06,0.0003523060702390242
483,2020-09-30,8.772295941505853e-06,0.0005108762347421303
484,2020-10-01,1.4059682082204512e-06,0.000474233424614576
485,2020-10-02,-9.394285938019508e-06,0.0004668517363653912
486,2020-10-05,1.7807979937908804e-05,0.0005026540887040564
487,2020-10-06,-9.799082712165646e-06,0.0004589161164352126
488,2020-10-07,6.542138204432851e-06,0.0003968908316677292
489,2020-10-08,-1.716807545212188e-05,0.0004572160832893207
490,2020-10-09,6.544890371772207e-06,0.0003291209147483484
491,2020-10-12,9.980435610423942e-06,0.00034556400158261433
492,2020-10-13,-8.037161937944519e-06,0.000558686424927336
493,2020-10-14,-4.039043795457875e-05,0.00042947191460157124
494,2020-10-15,-1.178583015560978e-05,0.00041997832530651685
495,2020-10-16,-4.806601241166497e-06,0.0003060850403235787
496,2020-10-19,-3.2808198266806213e-05,0.00040531596458022017
497,2020-10-20,-4.784376556841222e-06,0.0005317396552485818
498,2020-10-21,-2.046902530953185e-05,0.0006807505612405449
499,2020-10-22,2.5769871840853736e-05,0.0005374078966390213
500,2020-10-23,2.9046580968695077e-05,0.0005175212305554025
501,2020-10-26,-6.44137486313829e-06,0.0006357294592596108
502,2020-10-27,-1.99657492799356e-05,0.000369094389930599
503,2020-10-28,-4.4841643600286e-05,0.000701206939012336
504,2020-10-29,1.740224732460597e-05,0.00059237514852463
505,2020-10-30,1.1075868697956525e-05,0.0007149647702105418
506,2020-11-02,3.25349538090221e-05,0.0008309366774396363
507,2020-11-03,1.933871978942075e-06,0.0005615985924390917
508,2020-11-04,-2.3193597096059977e-05,0.0009459678557241645
509,2020-11-05,4.179815085807836e-05,0.0009608280975831344
510,2020-11-06,1.7285190138554676e-05,0.0005402185934274881
511,2020-11-09,5.835534413861261e-05,0.001810928519150313
512,2020-11-10,5.496507883039789e-05,0.0007564016503932805
513,2020-11-11,-5.3674245598991605e-06,0.00042554806599733866
514,2020-11-12,-8.71533033244787e-06,0.0005016623950609118
515,2020-11-13,1.083134930140349e-05,0.0004471733966479279
516,2020-11-16,-5.978973836633496e-06,0.0004858808826431106
517,2020-11-17,-5.773608303985057e-06,0.0005038116497290678
518,2020-11-18,-1.8962105800513264e-05,0.00043753115325145803
519,2020-11-19,-4.172036626554545e-06,0.00040627145620600894
520,2020-11-20,-7.614775635656524e-06,0.00034937723625110397
521,2020-11-23,9.451721670023042e-06,0.00038366569803300157
522,2020-11-24,1.6477355577466415e-05,0.0005439504369400475
523,2020-11-25,-9.464184562262682e-06,0.0003653459275226947
524,2020-11-27,6.835614190118937e-06,0.0003305722745112609
525,2020-11-30,-3.413505723708157e-07,0.0004053514426909235
526,2020-12-01,5.179390019838039e-07,0.00043564631140604796
527,2020-12-02,3.305340916851487e-05,0.0007084414242565514
528,2020-12-03,1.6311270486423234e-05,0.00036226777408076226
529,2020-12-04,-7.2151933288098655e-06,0.00035198310307322275
530,2020-12-07,-8.909766079624605e-06,0.00034358095077097493
531,2020-12-08,4.2904413985147335e-06,0.0004800581643165238
532,2020-12-09,8.92023967363623e-08,0.0004229111143609878
533,2020-12-10,-3.9630872580723604e-05,0.00044735692027083706
534,2020-12-11,-6.489023610289165e-06,0.00041743536356293173
535,2020-12-14,-1.6060233446609102e-05,0.000516938758785612
536,2020-12-15,2.4754448441589666e-05,0.0003972272642896271
537,2020-12-16,-2.7137946269176756e-05,0.0004551363531960356
538,2020-12-17,3.908670021059765e-06,0.0003476139492105753
539,2020-12-18,2.010534447720915e-05,0.0004505699498878895
540,2020-12-21,-4.1742051330202866e-05,0.0005393711179245467
541,2020-12-22,-2.1561224323790875e-05,0.00039209219535212545
542,2020-12-23,-1.236299663071915e-06,0.00036885322128638374
543,2020-12-24,-5.622039077138081e-06,0.00027158223942671465
544,2020-12-28,6.170750592491811e-06,0.0003934040924699846
545,2020-12-29,-6.468940145940205e-06,0.0003481938905098744
546,2020-12-30,-3.0184518188150657e-05,0.00036485841627519197
547,2020-12-31,2.5054423534650183e-05,0.0002770466636578897
548,2021-01-04,7.146690067678895e-06,0.0005810497594213671
549,2021-01-05,-1.2569442947267364e-05,0.00043121948036862177
550,2021-01-06,3.144196181099276e-05,0.00048743218931865607
551,2021-01-07,-3.297898937314318e-05,0.0009455378759555776
552,2021-01-08,-3.191492618813769e-05,0.0005048738080255692
553,2021-01-11,-1.4835154290627071e-05,0.0003687642107250287
554,2021-01-12,-9.692065113625823e-06,0.0005339404576704402
555,2021-01-13,-8.44833485262187e-06,0.00038895233452635727
556,2021-01-14,-8.052216691429791e-07,0.0004333550812834442
557,2021-01-15,1.535326099571944e-05,0.0004793412873677193
558,2021-01-19,-1.4668835394634288e-05,0.0004906024866343456
559,2021-01-20,9.053663239669995e-06,0.00040145452462472575
560,2021-01-21,9.742572430749543e-07,0.00039718931907873473
561,2021-01-22,9.068901976748306e-06,0.0005104806503662057
562,2021-01-25,4.221075205087703e-05,0.0005852561750260611
563,2021-01-26,-8.196366596576115e-05,0.001692207777820887
564,2021-01-27,-6.483802817252649e-05,0.000858913040783337
565,2021-01-28,1.1328150309389264e-05,0.0006171207507873491
566,2021-01-29,-2.935780452851225e-05,0.0009493127131204159
567,2021-02-01,-2.1944590700112066e-05,0.0005836593554809266
568,2021-02-02,1.0031411917512697e-05,0.0005042533026422404
569,2021-02-03,1.5100897281487532e-05,0.00040371394586410594
570,2021-02-04,1.59496048975485e-05,0.000417872796207861
571,2021-02-05,8.93179088682515e-06,0.0004698611352096532
572,2021-02-08,-1.3368299769376236e-05,0.00046639308539463245
573,2021-02-09,-1.339388696516056e-06,0.00034345908262321296
574,2021-02-10,-1.76248783627985e-06,0.0004545473210666757
575,2021-02-11,-1.6791781036975613e-05,0.00034324621965132774
576,2021-02-12,-1.8817135643069984e-05,0.00027042901128562384
577,2021-02-16,-1.2867333366727982e-06,0.0005160904330405061
578,2021-02-17,0.00013176744172520456,0.0018276836014685747
579,2021-02-18,-7.105335098108027e-07,0.0006162370732598212
580,2021-02-19,-2.3423111980490895e-05,0.0004205339089440846
581,2021-02-22,1.203146634042333e-07,0.0004911501515903752
582,2021-02-23,2.6122875155344266e-05,0.000852409245394262
583,2021-02-24,4.158871386245966e-06,0.0004799518047931452
584,2021-02-25,-2.659899412897598e-05,0.0011485481881533402
585,2021-02-26,-5.5310745059964385e-05,0.0006893533201755242
586,2021-03-01,2.67377810819365e-06,0.000500174693186223
587,2021-03-02,-1.6635909358895987e-05,0.00043767270485640486
588,2021-03-03,1.7885083126585638e-05,0.0006742595941022118
589,2021-03-04,-2.5867199197060757e-05,0.0006289170357803049
590,2021-03-05,5.388237766186427e-05,0.0006016587043133569
591,2021-03-08,3.746778456616867e-05,0.0005902493011765821
592,2021-03-09,-2.664013094289359e-05,0.0005254743983209546
593,2021-03-10,4.029601355201345e-05,0.0006820087716152887
594,2021-03-11,-7.153774762452764e-05,0.0006594950678609148
595,2021-03-12,5.717202330713986e-06,0.0005696743045248516
596,2021-03-15,-3.6526846553017145e-07,0.0004380590691916232
597,2021-03-16,9.950516912742072e-07,0.000383148961987814
598,2021-03-17,5.618814241188193e-06,0.00043575868504950666
599,2021-03-18,2.5749137180714532e-05,0.0005024730129039304
600,2021-03-19,-3.50518918067595e-06,0.0005290849856618555
601,2021-03-22,1.6036971728962765e-05,0.0005084725132134442
602,2021-03-23,1.4593406582087345e-05,0.0005200419982492931
603,2021-03-24,4.6080702224046875e-06,0.0004620257174857125
604,2021-03-25,1.625956020153221e-05,0.00048816022204802674
605,2021-03-26,3.604350213515337e-05,0.00043369572669389955
606,2021-03-29,2.8612168276046045e-05,0.0004983509703222829
607,2021-03-30,-9.52129290292309e-06,0.00041361541805219127
608,2021-03-31,-2.0535396465029222e-05,0.00046749144436025893
609,2021-04-01,6.689675062859891e-06,0.00040752814933033607
610,2021-04-05,2.5053828591510348e-05,0.00045186668951925174
611,2021-04-06,1.09153105668429e-05,0.0003090434925801658
612,2021-04-07,-5.1478673203739425e-06,0.0003549263341290847
613,2021-04-08,-6.120581467607974e-05,0.0008685421718646953
614,2021-04-09,-5.305729487094845e-06,0.0002924041974714521
615,2021-04-12,3.6140026763280093e-06,0.00030756607964882877
616,2021-04-13,3.1955909710940727e-06,0.0003970190915941711
617,2021-04-14,3.196591230586941e-06,0.0004090691630691374
618,2021-04-15,5.30727713878837e-07,0.0004160147246560667
619,2021-04-16,2.5734083353178548e-05,0.0004203936244855411
620,2021-04-19,6.289059935079261e-06,0.0005243672679939738
621,2021-04-20,-2.066787600742134e-06,0.0005077963957693928
622,2021-04-21,-9.938362528222847e-06,0.000609310962975777
623,2021-04-22,-3.778543107291481e-05,0.00047323842399296033
624,2021-04-23,6.6158622322922e-07,0.00039985578034789287
625,2021-04-26,-1.610473205610632e-05,0.00033357945460228195
626,2021-04-27,-2.7924903132934468e-05,0.0005430961748347965
627,2021-04-28,5.507671894800349e-06,0.00031722689616840266
628,2021-04-29,3.928869513652296e-05,0.0003606428367152437
629,2021-04-30,2.2787478376259636e-05,0.00037537734891777876
630,2021-05-03,5.003027921153024e-06,0.0005099844828027589
631,2021-05-04,3.004543991074851e-05,0.0004947418343248119
632,2021-05-05,3.856845390126606e-06,0.0004310521711605913
633,2021-05-06,2.5516626703956462e-05,0.0004176764647061753
634,2021-05-07,-2.4229029239018455e-05,0.0004652288996062417
635,2021-05-10,3.4876836267030657e-05,0.0005993359502107244
636,2021-05-11,-4.24347667274443e-05,0.0005180592490562544
637,2021-05-12,-5.088079938373132e-06,0.0005895566198463196
638,2021-05-13,1.6322593407687765e-05,0.0005181493413644009
639,2021-05-14,-4.295828991594694e-06,0.00037294593504829434
640,2021-05-17,-3.2382029875826425e-05,0.0005537902276335766
641,2021-05-18,-3.4378276444248307e-05,0.0008571901520129277
642,2021-05-19,-1.0485623450100558e-05,0.0007755974081942786
643,2021-05-20,-6.223347742713081e-06,0.0004246871054836687
644,2021-05-21,5.511059208341605e-06,0.00044515553153373595
645,2021-05-24,3.2347602094737696e-06,0.0004076604771067809
646,2021-05-25,-2.20968899418654e-05,0.0003110023825696075
647,2021-05-26,-5.858118895447537e-06,0.0003148052294666563
648,2021-05-27,-4.505301589183314e-06,0.00031100309577399525
649,2021-05-28,1.187034006440582e-05,0.00030965778478007254
650,2021-06-01,-5.82104612092098e-06,0.00040896785386454075
651,2021-06-02,1.232764850996918e-05,0.0003998353384602997
652,2021-06-03,1.450292957625943e-05,0.0003532502221915808
653,2021-06-04,1.4394934543387417e-05,0.00026529811074023786
654,2021-06-07,-4.897867294187507e-06,0.00024199183673934905
655,2021-06-08,-1.7581977099193041e-06,0.0002679782179637194
656,2021-06-09,-4.4531978424161435e-06,0.0002736315685765471
657,2021-06-10,1.3055511436830496e-05,0.00033061338427958916
658,2021-06-11,-3.9726265516361844e-07,0.0003164715937011122
659,2021-06-14,-6.687686057944059e-06,0.00024475601382904484
660,2021-06-15,4.958263543982972e-06,0.00024648978754249467
661,2021-06-16,-2.964288437153443e-05,0.00036765953571038973
662,2021-06-17,-4.931514909625388e-06,0.00032883492094155247
663,2021-06-18,-3.089242555218708e-05,0.0005353696561469875
664,2021-06-21,2.4732051016278204e-05,0.00033148179575852386
665,2021-06-22,-6.215154291897524e-07,0.0003491440193223657
666,2021-06-23,-1.34036971389037e-05,0.0003207890439142433
667,2021-06-24,1.417645135463032e-05,0.0002795853929769534
668,2021-06-25,2.3036369784994455e-08,0.00021491917648325365
669,2021-06-28,-8.612710847111402e-06,0.0002930877838381257
670,2021-06-29,-1.644818851665682e-05,0.0002545181897318721
671,2021-06-30,9.200774522555939e-06,0.00025230980883421807
672,2021-07-01,1.1906477187147954e-05,0.00026697549319613256
673,2021-07-02,6.861884001770636e-06,0.0002767814907024566
674,2021-07-06,-1.3233975790588293e-06,0.0002827741318330701
675,2021-07-07,5.963425213177807e-06,0.00034991718740429075
676,2021-07-08,-3.85777595146976e-05,0.0007219758611274302
677,2021-07-09,1.747224451399371e-05,0.00026641021285562144
678,2021-07-12,3.6944594034750522e-06,0.0002782993940232215
679,2021-07-13,-2.2341280279207837e-06,0.00031712626469448826
680,2021-07-14,1.0988720188475966e-05,0.00029238710787037183
681,2021-07-15,9.578825049144102e-06,0.000280332626157994
682,2021-07-16,-4.0418367346412535e-06,0.00029091437962220387
683,2021-07-19,-2.7738329723743457e-05,0.00047980734357835756
684,2021-07-20,-1.2321445660296631e-05,0.000457572200931175
685,2021-07-21,1.6987865427686747e-05,0.0009350207217581988
686,2021-07-22,9.842978445561708e-07,0.00036859137829065676
687,2021-07-23,-4.078941444651841e-06,0.00031084665841934805
688,2021-07-26,-4.553395691951516e-06,0.0002835843216334642
689,2021-07-27,2.021707018052552e-05,0.00036554246196305907
690,2021-07-28,-2.2848694181593446e-05,0.00035067569719598795
691,2021-07-29,1.2905001044432523e-05,0.00031658388845449205
692,2021-07-30,-9.595517924895726e-06,0.0002818579946643832
693,2021-08-02,-8.389275069352312e-07,0.0004022542112630928
694,2021-08-03,-1.3452733054442109e-06,0.0002635431398343099
695,2021-08-04,-1.7037104122144568e-05,0.0002935007777261653
696,2021-08-05,-2.753657394475215e-06,0.00023206409956776552
697,2021-08-06,-3.4378529555812385e-06,0.0002903706959411885
698,2021-08-09,-4.857379554304194e-06,0.00021199479833415344
699,2021-08-10,1.718114537491972e-05,0.00023114841359025197
700,2021-08-11,4.656838394183429e-06,0.00028382512993154125
701,2021-08-12,2.337108713652711e-06,0.0002528443557984563
702,2021-08-13,1.0599561728020614e-05,0.00021044894858778836
703,2021-08-16,4.6212078193318146e-06,0.00026825723095051077
704,2021-08-17,1.0110359128898862e-05,0.00032103478003984456
705,2021-08-18,-3.2555105765678e-05,0.0003166340259902731
706,2021-08-19,-5.031696390631556e-06,0.00033857472293702
707,2021-08-20,6.977628672578139e-06,0.00028573917280792045
708,2021-08-23,-4.592833540963285e-06,0.0002438758645263456
709,2021-08-24,-1.90141534143276e-05,0.00022627769909279666
710,2021-08-25,-4.171910773534954e-06,0.00023075919951208026
711,2021-08-26,-1.5424407103560037e-05,0.00024103456254205972
712,2021-08-27,8.940287759861357e-06,0.00025095344537483477
713,2021-08-30,-9.155982353866095e-07,0.00020381858250476773
714,2021-08-31,1.171932287813187e-05,0.0002824982217755607
715,2021-09-01,-3.2327430523299734e-06,0.00025385671991373735
716,2021-09-02,1.6780578725816484e-05,0.0002599659477829134
717,2021-09-03,6.515553145438021e-06,0.0002546434191916156
718,2021-09-07,-2.8805243179340085e-05,0.00024897312844846426
719,2021-09-08,4.2448846782494e-06,0.00027873121341361664
720,2021-09-09,-2.2007161502234124e-05,0.0002625997711451228
721,2021-09-10,-9.862491837066508e-06,0.00030869829575540887
722,2021-09-13,1.7995185153438764e-05,0.0004263586793218903
723,2021-09-14,-8.882403667509482e-06,0.000329541566299764
724,2021-09-15,7.572144754647579e-06,0.00029861568279093497
725,2021-09-16,-7.487719224909502e-06,0.0002828517149061037
726,2021-09-17,-7.022074520608274e-06,0.00033256411551905725
727,2021-09-20,-8.455465710988664e-07,0.0004468192087275079
728,2021-09-21,-1.0373062667472122e-05,0.0003197162711342048
729,2021-09-22,1.4718478672076615e-06,0.0002963121605681884
730,2021-09-23,1.659019498013044e-05,0.00029309273205827907
731,2021-09-24,-1.8534157281282137e-06,0.0002544991170172189
732,2021-09-27,5.219448865741708e-06,0.00027258883828184643
733,2021-09-28,-1.4577782092057882e-05,0.00032886261934732193
734,2021-09-29,9.966947195036766e-06,0.00030337846261710926
735,2021-09-30,-1.792803361610733e-05,0.00032383019844518346
736,2021-10-01,1.5221444624574096e-05,0.00037862780441991363
737,2021-10-04,8.562281303393699e-06,0.00039962757341406786
738,2021-10-05,5.130224867118207e-07,0.00029223870583641086
739,2021-10-06,1.0129814175456124e-06,0.0003807532925994786
740,2021-10-07,-2.9229147326394432e-05,0.0004267080881066635
741,2021-10-08,-3.154680612969767e-05,0.0002752355592235268
742,2021-10-11,-5.199129574294312e-05,0.00033161315399388624
743,2021-10-12,-4.2006327102180775e-05,0.000459528297252165
744,2021-10-13,5.681541912701002e-07,0.00037106793679233553
745,2021-10-14,2.9360377427300557e-05,0.0003505137732967996
746,2021-10-15,1.6815490502585964e-05,0.0004060113018444077
747,2021-10-18,-1.71438164422933e-05,0.0004078758000395279
748,2021-10-19,2.169093854144552e-05,0.000324722282976766
749,2021-10-20,6.125707919481364e-05,0.0007545098778019805
750,2021-10-21,-1.1417609861035444e-05,0.00041257609546458074
751,2021-10-22,-2.1658425415016428e-05,0.00031238499998710465
752,2021-10-25,-1.646137004763805e-05,0.0003534965594518349
753,2021-10-26,2.383388815517474e-05,0.00034219166892334655
754,2021-10-27,-2.1766524742193194e-05,0.00034377768387381226
755,2021-10-28,7.36004174591282e-06,0.00035413126340668285
756,2021-10-29,1.0296870814450308e-05,0.0004799532492123964
757,2021-11-01,-1.8789289292988183e-06,0.00033913243646116237
758,2021-11-02,-1.841770169280621e-05,0.000316543969926585
759,2021-11-03,1.852041242742971e-05,0.0003242311567223595
760,2021-11-04,-5.321276531357827e-05,0.0004902533155475055
761,2021-11-05,1.832614180824868e-05,0.00044141645154675314
762,2021-11-08,5.468742083139137e-06,0.0003857790379102633
763,2021-11-09,-4.83242902779103e-06,0.00037767108487301047
764,2021-11-10,1.7738028171148792e-05,0.0005082483745058264
765,2021-11-11,-7.283727257113634e-06,0.0002788186340481597
766,2021-11-12,-5.834262998121292e-06,0.00027904425718363067
767,2021-11-15,3.47416594224969e-06,0.0003055063991884888
768,2021-11-16,-1.6401417902640875e-05,0.0002960692223054006
769,2021-11-17,-1.5999047715381126e-05,0.0003368742043944272
770,2021-11-18,-2.4310703559338453e-05,0.00041939272577755425
771,2021-11-19,-1.953268125217014e-05,0.0003288565962371683
772,2021-11-22,3.366440537643279e-05,0.0004619236031683242
773,2021-11-23,1.1062111975336023e-05,0.0005267723000396122
774,2021-11-24,-4.380271518572964e-06,0.0004077744697966194
775,2021-11-26,7.180912954984159e-06,0.0006952356530295379
776,2021-11-29,-7.306457764943696e-06,0.0005088187731463509
777,2021-11-30,-6.87200582631427e-05,0.0006453128808053822
778,2021-12-01,-2.644948333967776e-05,0.0006437231551090319
779,2021-12-02,5.0232696696654296e-05,0.0006696916245039716
780,2021-12-03,3.4302221897582155e-05,0.0005780202412503458
781,2021-12-06,-1.7322053319758532e-05,0.0006183327797137859
782,2021-12-07,-1.341460877947738e-05,0.0005960542835622756
783,2021-12-08,-1.5553352195992617e-05,0.0005325254833751753
784,2021-12-09,-1.720782381292622e-05,0.00048433173214504024
785,2021-12-10,2.1236119794398886e-06,0.00039871989087454814
786,2021-12-13,4.697557879199253e-06,0.00045606991676406405
787,2021-12-14,1.8927776313698892e-05,0.0005066636870981489
788,2021-12-15,-4.941034813099469e-06,0.0005032917629801906
789,2021-12-16,0.000109199303045995,0.000638904489883426
790,2021-12-17,2.0329562856889472e-05,0.0006850001658416365
791,2021-12-20,-2.7156444488784746e-06,0.0006005346015864389
792,2021-12-21,-1.5404171452164952e-05,0.00043567967733058866
793,2021-12-22,-6.197198927924205e-07,0.00046763997868879347
794,2021-12-23,-4.0541041601588734e-06,0.0003999871375671035
795,2021-12-27,5.378498919582946e-07,0.0003202800449450994
796,2021-12-28,1.5379978723206907e-06,0.00039677092213250746
797,2021-12-29,-1.750723491935419e-05,0.0003517784739329773
798,2021-12-30,-5.339615102420174e-06,0.00032538310526505313
799,2021-12-31,-1.4230855758866933e-05,0.00028342544656565795
800,2022-01-03,2.3179346506369387e-05,0.0004247707389757356
801,2022-01-04,5.047973296904894e-05,0.00048003149405286775
802,2022-01-05,2.5474533950616605e-05,0.0006072869599528781
803,2022-01-06,-1.120327127897035e-05,0.0006616204010313089
804,2022-01-07,2.3530775121214826e-05,0.0006759358882565737
805,2022-01-10,-1.7390315712355586e-05,0.0006256003774007001
806,2022-01-11,-1.3648379259623092e-05,0.0006165547368842947
807,2022-01-12,-6.121150102954148e-06,0.0004618384393875874
808,2022-01-13,3.4750244407244346e-06,0.0004901238328720478
809,2022-01-14,-1.1868160179710147e-05,0.0005198674694748661
810,2022-01-18,7.347881097030474e-06,0.0005283365747855952
811,2022-01-19,3.961468576165896e-06,0.0005009294129494051
812,2022-01-20,-5.597399034576747e-06,0.0005649849167051589
813,2022-01-21,-1.137859903098789e-05,0.0005900596691428223
814,2022-01-24,-7.370474849139229e-06,0.0008496273370073951
815,2022-01-25,-3.687767936756238e-06,0.0011601737373031194
816,2022-01-26,-9.287402418506928e-05,0.0009040141677044027
817,2022-01-27,9.323137981410845e-06,0.0007640867162994487
818,2022-01-28,8.398847357970794e-05,0.0006575759163551421
819,2022-01-31,1.6652681513388545e-05,0.0006665939360609872
820,2022-02-01,-2.6284082265177392e-06,0.000726923945086595
821,2022-02-02,2.99579832611035e-05,0.0006817180884752339
822,2022-02-03,7.917473733863383e-07,0.0007959831825423055
823,2022-02-04,-2.380815719433549e-05,0.0005161455854648814
824,2022-02-07,-1.4843663845573762e-05,0.0004757117474157421
825,2022-02-08,-7.660608065367419e-06,0.0004322796064774451
826,2022-02-09,3.2881714504500005e-05,0.0004202065130979174
827,2022-02-10,-2.2512776857128252e-05,0.0004653418788958821
828,2022-02-11,1.3640296663929184e-05,0.0005294754012135006
829,2022-02-14,-2.7714303306522966e-06,0.0004812645730313351
830,2022-02-15,4.3990904461461575e-06,0.0003742832523147078
831,2022-02-16,2.025730157697235e-06,0.00045660065179356697
832,2022-02-17,9.209456312799096e-06,0.00044906152114547194
833,2022-02-18,1.2033788339378728e-05,0.0004424893079674986
834,2022-02-22,3.2178929390066624e-06,0.0004978323242518745
835,2022-02-23,-2.2579894291806937e-05,0.0004875935664737752
836,2022-02-24,-3.9766251064878135e-05,0.000877423245176249
837,2022-02-25,7.334806219872622e-05,0.0007591457200231867
838,2022-02-28,-2.2164703962703658e-05,0.0006393660002788365
839,2022-03-01,-1.7857379214234217e-06,0.0005047362066136375
840,2022-03-02,2.536500523062888e-05,0.0005207116481401551
841,2022-03-03,2.551386324533587e-05,0.0007699941084094521
842,2022-03-04,2.0003178566913485e-05,0.0005392553709551691
843,2022-03-07,-1.8901065524948583e-05,0.0007119982441031689
844,2022-03-08,-6.946856267469975e-05,0.0009019933341284619
845,2022-03-09,-5.562104433378526e-06,0.000675222435061646
846,2022-03-10,6.413624849578944e-06,0.0005347617943572601
847,2022-03-11,-8.548086480124879e-06,0.0005278100412343568
848,2022-03-14,-2.6064604807722862e-05,0.0005907260619194484
849,2022-03-15,1.2791445135049084e-05,0.0004992275651602341
850,2022-03-16,-1.2968536653379321e-05,0.0006122247222549173
851,2022-03-17,-6.22646850918382e-06,0.0005140457084302541
852,2022-03-18,-5.668284019331003e-05,0.0007205946565287427
853,2022-03-21,-4.7656864363804485e-06,0.000702799992600718
854,2022-03-22,-5.4410064825567875e-06,0.00040904033636270505
855,2022-03-23,-1.9260926930458335e-06,0.0004146861716819141
856,2022-03-24,1.7928071136374292e-06,0.00025469039459017907
857,2022-03-25,1.4345290919426662e-05,0.0003317006448621499
858,2022-03-28,-5.440590481023603e-06,0.00036242171479693245
859,2022-03-29,3.5650257653227597e-06,0.0003461441448290109
860,2022-03-30,1.8511017363180337e-05,0.0003531400600482215
861,2022-03-31,-3.34346665853965e-05,0.0003742270574405771
862,2022-04-01,5.8310093457292736e-05,0.00040487597201165136
863,2022-04-04,1.7909897685431178e-05,0.0005191994512130307
864,2022-04-05,1.4604093560771502e-05,0.0004643508643269894
865,2022-04-06,2.093996975668771e-05,0.0005118448730861347
866,2022-04-07,-2.5315146740327677e-05,0.000844100228565773
867,2022-04-08,4.356397424642672e-05,0.0004884736275642545
868,2022-04-11,1.845526284953028e-05,0.0008144451193685665
869,2022-04-12,-1.3579114118065295e-05,0.0006949625287104166
870,2022-04-13,2.2985053757657808e-05,0.0005491545666459404
871,2022-04-14,-1.437740074935167e-05,0.0004660377298436495
872,2022-04-18,-2.021134666292843e-05,0.00047189745618899563
873,2022-04-19,1.7809074942769714e-05,0.00046372494676135225
874,2022-04-20,2.9732100218801552e-05,0.00045881309090385625
875,2022-04-21,3.4197108852654177e-05,0.0007124831341880522
876,2022-04-22,-0.0001529579765673159,0.002143974859052956
877,2022-04-25,-7.972672023524298e-05,0.0010734464074239505
878,2022-04-26,-4.6605355869218376e-05,0.0006581049489734289
879,2022-04-27,-4.900163737286512e-05,0.0007467716363727086
880,2022-04-28,-1.364660096314765e-06,0.0006703307318394324
881,2022-04-29,-0.00011377142867592694,0.0008834037630402876
882,2022-05-02,-2.9283044862148236e-06,0.0009979343561913841
883,2022-05-03,5.0386113112574423e-05,0.0009111668488213016
884,2022-05-04,6.528975503236389e-05,0.0007958832181597473
885,2022-05-05,-2.679619213477915e-05,0.000881801530048271
886,2022-05-06,2.2693166921582335e-05,0.0007559114681310401
887,2022-05-09,1.9890557937107523e-05,0.0007895799967842316
888,2022-05-10,-2.716474936217095e-05,0.0008902766588446196
889,2022-05-11,-1.2453085145176983e-05,0.0008583568405187287
890,2022-05-12,1.043837993562575e-05,0.0007539334299032444
891,2022-05-13,6.155096924785557e-06,0.0007680762975760756
892,2022-05-16,4.625648060753472e-05,0.0008594707265040535
893,2022-05-17,-5.009085658546709e-06,0.0006697202138422455
894,2022-05-18,-2.4360127434478414e-06,0.0006081133313163039
895,2022-05-19,1.0978952701165783e-05,0.0010171496872738732
896,2022-05-20,2.2636397934570717e-05,0.0007401307145492375
897,2022-05-23,7.9682913308531e-06,0.0006563900420261289
898,2022-05-24,5.350469638922356e-05,0.0013298131850597494
899,2022-05-25,2.682696909105922e-05,0.0005782028819220532
900,2022-05-26,-1.2414767578305385e-05,0.0005028507793435557
901,2022-05-27,2.1195209133364167e-05,0.0005682129774903178
902,2022-05-31,-4.32054388076947e-06,0.000587544810934686
903,2022-06-01,3.903002633502802e-06,0.0005639480117385331
904,2022-06-02,-4.5981883377622795e-06,0.0005405190135096561
905,2022-06-03,-2.443574970161767e-05,0.0005887117514272856
906,2022-06-06,2.174577101325801e-05,0.0005243898225517919
907,2022-06-07,2.05039425982797e-05,0.000370752200459406
908,2022-06-08,-4.368004975264617e-06,0.0004562058885203953
909,2022-06-09,-3.141798384757429e-05,0.0004581888180375496
910,2022-06-10,-5.783694373665355e-06,0.0007285863429662236
911,2022-06-13,-6.115068688163253e-05,0.0008840278268354615
912,2022-06-14,-2.185826445610315e-05,0.0006404336648530655
913,2022-06-15,-1.2852253818257394e-06,0.0007487275284897009
914,2022-06-16,-1.4838517337444335e-05,0.0008190737279003668
915,2022-06-17,8.653778083562333e-06,0.0007370134018336663
916,2022-06-21,8.610816151280657e-05,0.0006435897873448751
917,2022-06-22,8.012586270750848e-06,0.0006073386887121507
918,2022-06-23,6.374851188123629e-05,0.0006960729859727011
919,2022-06-24,-5.6436091542042724e-05,0.000733442385760194
920,2022-06-27,1.656505286871881e-07,0.0005763812694586008
921,2022-06-28,-2.588798148060186e-05,0.0005410456675166971
922,2022-06-29,2.3658541424640127e-05,0.0005298503543464572
923,2022-06-30,-8.392563029102282e-06,0.0006014808462831914
924,2022-07-01,4.5089551237095915e-05,0.000535853037807885
925,2022-07-05,-1.0601814988160985e-05,0.0006666140147977579
926,2022-07-06,4.116561033723876e-06,0.0005143762175122722
927,2022-07-07,-4.076845363677549e-05,0.0008590847472565987
928,2022-07-08,-1.002876422471417e-05,0.00046099578214757757
929,2022-07-11,6.180559987081266e-07,0.0004703843510115451
930,2022-07-12,1.5419835895335723e-05,0.0005922805375420889
931,2022-07-13,-1.550772558789579e-05,0.0007002983183178387
932,2022-07-14,-6.457164847950994e-07,0.0008590352672023817
933,2022-07-15,2.793839470849108e-05,0.0005526844029365239
934,2022-07-18,-3.835801855764915e-05,0.00048258075872307425
935,2022-07-19,7.73239756381392e-06,0.0004313457796489515
936,2022-07-20,-6.995470621647578e-05,0.000558084220443154
937,2022-07-21,-6.963434376863912e-05,0.0019393833764329179
938,2022-07-22,-0.0001794040787513906,0.002147945715250297
939,2022-07-25,1.779486864956877e-05,0.0007203319986793103
940,2022-07-26,9.393944739692757e-06,0.0006968708758793862
941,2022-07-27,-7.623147939736454e-08,0.0006476644775520519
942,2022-07-28,3.6138344471230374e-05,0.0005160655901127574
943,2022-07-29,3.7115746579861666e-05,0.0006656672874766934
944,2022-08-01,2.9530525159844775e-06,0.0006000255590893997
945,2022-08-02,-5.021221344254999e-05,0.0005913029597708199
946,2022-08-03,-1.5383126488496739e-06,0.0005636669506994691
947,2022-08-04,-4.9963650932534676e-05,0.0007919295459948453
948,2022-08-05,2.9083757902500056e-05,0.0004699329906667536
949,2022-08-08,-2.3672534526769384e-05,0.00047561166829837744
950,2022-08-09,9.325068256837492e-06,0.0005076755758247186
951,2022-08-10,8.72489448952505e-06,0.0005167042865809075
952,2022-08-11,-3.32458460803899e-06,0.00046695426832823425
953,2022-08-12,2.063124270079492e-05,0.0004475362209684864
954,2022-08-15,2.3372232613577664e-05,0.0004424709261118235
955,2022-08-16,1.4038590146178416e-05,0.0004341680461972156
956,2022-08-17,-2.574595272797736e-05,0.0005235249114145686
957,2022-08-18,-6.464323009949988e-05,0.0011345892333035964
958,2022-08-19,1.2849049167577086e-05,0.0004866333519140712
959,2022-08-22,-1.4358525217630813e-05,0.00047627190417783407
960,2022-08-23,-4.084661955887419e-05,0.00047681443976165384
961,2022-08-24,5.9744851716128044e-06,0.0004071658880835506
962,2022-08-25,1.122455751928697e-05,0.0003672852748005703
963,2022-08-26,-3.0145582924372743e-05,0.0004908734268154141
964,2022-08-29,5.664641140229408e-06,0.0005044759403796769
965,2022-08-30,-4.825840997596077e-05,0.0004811910525776199
966,2022-08-31,-4.304561096146076e-05,0.0004907889453856942
967,2022-09-01,1.1644213121671354e-07,0.0004832102637329305
968,2022-09-02,-3.130542370603594e-05,0.000559057818266542
969,2022-09-06,-1.2856620649198886e-05,0.0006508264094042113
970,2022-09-07,-1.0914229881482818e-06,0.0005604443981699425
971,2022-09-08,1.4567794582209172e-05,0.0007104532457108645
972,2022-09-09,5.695776454069113e-05,0.0005928633424117298
973,2022-09-12,3.241829469837178e-05,0.0005332503931012362
974,2022-09-13,-6.288564196068594e-05,0.0006812779139467242
975,2022-09-14,-2.6867971795183633e-05,0.0007896727530897423
976,2022-09-15,-1.6608704743967083e-05,0.0006533368285824012
977,2022-09-16,1.5203192788150217e-05,0.0007002974009214708
978,2022-09-19,-1.0754008700848463e-06,0.0005798925139312692
979,2022-09-20,-3.9821003211489516e-05,0.0007509236890837837
980,2022-09-21,-7.079455777082973e-05,0.000750745687162691
981,2022-09-22,2.8644586166335274e-05,0.0006831197652114683
982,2022-09-23,-2.3521353699848802e-05,0.0008343024217085418
983,2022-09-26,-4.027695396801494e-05,0.0006731161054438661
984,2022-09-27,-2.3892472932869755e-06,0.0007024923880729593
985,2022-09-28,3.0324271147468485e-05,0.0006020299208964562
986,2022-09-29,-4.450231909098648e-05,0.0006044547206143667
987,2022-09-30,-4.5247027246568414e-05,0.0006791771173362867
988,2022-10-03,7.878746627335284e-05,0.0008668506209056428
989,2022-10-04,4.173548649117462e-05,0.0006153172433197208
990,2022-10-05,-2.6882817605075258e-05,0.0007805486371040288
991,2022-10-06,-0.00010463507956759571,0.0007786403487952012
992,2022-10-07,-6.622826942648e-05,0.0008851839939183969
993,2022-10-10,-1.577088062624868e-05,0.0007539908343919309
994,2022-10-11,-4.641555728084844e-05,0.0006604334355918017
995,2022-10-12,-2.062086644632603e-05,0.0005317188983532495
996,2022-10-13,5.234809061625791e-05,0.0012270740979249007
997,2022-10-14,3.309779997632806e-08,0.0008793511049538591
998,2022-10-17,5.463752120861413e-05,0.0007180097192040619
999,2022-10-18,-4.485159819410722e-06,0.0008370440346524439
1000,2022-10-19,-3.654060589785375e-05,0.0008397498649282183
1001,2022-10-20,3.052107230213699e-05,0.0010478771718760247
1002,2022-10-21,-0.00011423398197574193,0.0028601965576561354
1003,2022-10-24,4.613776997965492e-05,0.0009620327948737345
1004,2022-10-25,3.171079370278515e-05,0.0005990089720648574
1005,2022-10-26,8.970691966652886e-07,0.0006220396156766325
1006,2022-10-27,-1.4629040126975856e-05,0.0006309651239966985
1007,2022-10-28,0.00010185524689550674,0.0009986744194385438
1008,2022-10-31,-2.1554592418419328e-05,0.0008001194053094062
1009,2022-11-01,-9.967919475155262e-08,0.001089021603331691
1010,2022-11-02,2.5007724974333143e-05,0.0009008857389736002
1011,2022-11-03,-3.807705032826792e-05,0.0007687318781661928
1012,2022-11-04,9.182680619916226e-06,0.0006692225321321942
1013,2022-11-07,-3.287895905208833e-06,0.0005562795129142749
1014,2022-11-08,4.352568272872098e-05,0.0005452950856990344
1015,2022-11-09,-1.5104156073693752e-05,0.0006033733131972673
1016,2022-11-10,5.858271719555044e-05,0.0011366899154985552
1017,2022-11-11,-1.3114960792567717e-05,0.0006982405416216601
1018,2022-11-14,1.5549547982875896e-06,0.0006582319384814247
1019,2022-11-15,-4.107953072073681e-05,0.0007489051122924847
1020,2022-11-16,1.4650391365953387e-05,0.0006382426336543672
1021,2022-11-17,1.7732636749267275e-05,0.0006441938532748935
1022,2022-11-18,2.6921257115572965e-05,0.0006181224478628756
1023,2022-11-21,4.499297018115841e-06,0.0006036923068565219
1024,2022-11-22,3.611120970291898e-05,0.0006226370589866759
1025,2022-11-23,-1.751782894838584e-05,0.0006533198813674814
1026,2022-11-25,7.375259466945918e-06,0.0005238560303045843
1027,2022-11-28,-5.154793626649211e-05,0.0006725918168274651
1028,2022-11-29,5.483626817110815e-06,0.0005005231567689479
1029,2022-11-30,4.1655661002390525e-05,0.0005866745908396986
1030,2022-12-01,-4.124705814645792e-05,0.0006869932933784623
1031,2022-12-02,-8.892887890293051e-06,0.0009897590115318924
1032,2022-12-05,-7.752578016167486e-05,0.0006296385162691426
1033,2022-12-06,-1.1642037048444966e-05,0.0005543343041278997
1034,2022-12-07,2.0628769624463253e-05,0.0006245994765549337
1035,2022-12-08,-4.604956824215551e-06,0.0005013419594676221
1036,2022-12-09,1.9980434625260547e-05,0.0004829669912544086
1037,2022-12-12,3.935473310248653e-05,0.0006604771860054096
1038,2022-12-13,-4.273540668535119e-06,0.0009610575642547827
1039,2022-12-14,-2.962344875546256e-05,0.0008085423661353072
1040,2022-12-15,2.1319069134739353e-05,0.0010235040287495656
1041,2022-12-16,-4.31160570783706e-05,0.0008669192446388601
1042,2022-12-19,-6.7022918427033525e-06,0.0006561670628914471
1043,2022-12-20,-1.1948369347514274e-06,0.0006184946110716468
1044,2022-12-21,5.3852797881020706e-05,0.000850684000584855
1045,2022-12-22,3.6567553248299594e-05,0.0005955135832905403
1046,2022-12-23,5.820790216913278e-06,0.0005288009203579522
1047,2022-12-27,5.595689334086444e-05,0.0005498837179607242
1048,2022-12-28,-2.9025291870888953e-05,0.0006508878342986913
1049,2022-12-29,3.0014555605767233e-05,0.0004989769502492976
1050,2022-12-30,9.359666289671961e-06,0.0006825864085180609
1051,2023-01-03,4.6479797763621954e-05,0.0008559194003221911
1052,2023-01-04,6.51453034062464e-05,0.0009503278184896158
1053,2023-01-05,3.424215964835592e-05,0.0006159788229685156
1054,2023-01-06,3.017833845197661e-05,0.0006597323553642223
1055,2023-01-09,-4.998120525872752e-05,0.000842282904010096
1056,2023-01-10,3.7059843946504354e-05,0.0005096672295066296
1057,2023-01-11,-4.796387409959698e-05,0.000544705399777435
1058,2023-01-12,3.908124827223475e-05,0.0005487215337827795
1059,2023-01-13,2.020030895251915e-06,0.0006020150642362356
1060,2023-01-17,-6.11761033258179e-05,0.0006671781992333062
1061,2023-01-18,-5.632387772985487e-05,0.0005596424938482127
1062,2023-01-19,7.933906537446308e-06,0.0007011495893190867
1063,2023-01-20,-4.251701329725252e-06,0.0006794724611497953
1064,2023-01-23,-2.489060888433565e-05,0.0006722792393333821
1065,2023-01-24,7.13203573382509e-05,0.006228968054749939
1066,2023-01-25,-4.664016817479117e-06,0.0009216142222313411
1067,2023-01-26,-4.1753667974590576e-06,0.0007479547592252776
1068,2023-01-27,2.4291213577836557e-05,0.0006373403393048296
1069,2023-01-30,2.5920826522165975e-05,0.0006041477814267158
1070,2023-01-31,3.300521711208547e-05,0.0004722845160728872
1071,2023-02-01,8.35294093975721e-06,0.0008367564323129943
1072,2023-02-02,7.579398080438602e-06,0.0006534868864915749
1073,2023-02-03,-2.0087074758053713e-05,0.0006661451551560457
1074,2023-02-06,-1.2259037242445677e-05,0.0005063855989422928
1075,2023-02-07,-4.67136511658896e-05,0.0007449226394211144
1076,2023-02-08,-2.361985219819966e-06,0.0005813815557383117
1077,2023-02-09,-4.455995707338906e-05,0.0005167337027549091
1078,2023-02-10,1.232088400298262e-05,0.00047452745186928806
1079,2023-02-13,2.0847000705160087e-05,0.0004424800236684013
1080,2023-02-14,4.830268097247044e-07,0.0005753543388935411
1081,2023-02-15,2.9899222319632296e-06,0.0005113951731865856
1082,2023-02-16,-3.365592549212389e-05,0.0006710038744707706
1083,2023-02-17,2.448221278455108e-05,0.0005374196778811807
1084,2023-02-21,-6.59375708505645e-05,0.000699892970371209
1085,2023-02-22,5.398964678187595e-06,0.0005863505945638998
1086,2023-02-23,-4.8632763113158965e-05,0.0005149849849500009
1087,2023-02-24,1.4191121493435733e-05,0.0007177873345258095
1088,2023-02-27,8.739692633496265e-06,0.0005522325177316548
1089,2023-02-28,-5.14360495456877e-06,0.0005254231261866971
1090,2023-03-01,-3.303442760420923e-05,0.0006669377274936203
1091,2023-03-02,8.220051265424576e-06,0.0006314043681422839
1092,2023-03-03,-1.1165489978284453e-05,0.0006413021629263372
1093,2023-03-06,-7.242273742350343e-06,0.0005340731613543639
1094,2023-03-07,-1.4995274459104154e-05,0.0005937512458520713
1095,2023-03-08,-2.56022687941257e-05,0.0006720534162732134
1096,2023-03-09,-6.804428833346346e-05,0.0005291602965519089
1097,2023-03-10,9.705103314324948e-06,0.0007106183347466968
1098,2023-03-13,-1.0416449034741573e-05,0.0009393610867668394
1099,2023-03-14,2.258209002724987e-05,0.000661720310168592
1100,2023-03-15,1.6271426488316824e-05,0.0007970484609743643
1101,2023-03-16,-3.384670918822476e-05,0.0007245999319955305
1102,2023-03-17,1.4876708694914147e-05,0.0006372652923685748
1103,2023-03-20,4.369686031933191e-05,0.0005859220117191561
1104,2023-03-21,2.1308755882881183e-05,0.0005664100159220387
1105,2023-03-22,-3.058857175514942e-05,0.0005808499316310674
1106,2023-03-23,3.60764059894711e-06,0.0005871446083568124
1107,2023-03-24,2.342317210857358e-05,0.0006026261024128862
1108,2023-03-27,2.521219763511903e-05,0.0005605293963589447
1109,2023-03-28,-3.9383096161385485e-06,0.00046567355889437425
1110,2023-03-29,3.301007705487391e-05,0.0005469048320791912
1111,2023-03-30,1.2060355844934217e-05,0.00043430681704947704
1112,2023-03-31,1.4655737918901452e-05,0.00046021397314551497
1113,2023-04-03,2.2445033811749346e-05,0.00048976229934646
1114,2023-04-04,2.8100861667021228e-05,0.0005322144206330063
1115,2023-04-05,2.9357789883971978e-05,0.0004495264375572669
1116,2023-04-06,-3.9959140405819256e-05,0.0007913096221401809
1117,2023-04-10,-8.256821893204602e-06,0.0006324577533659349
1118,2023-04-11,6.592179281550194e-06,0.00041109624793573966
1119,2023-04-12,-1.4890877424961814e-05,0.00045197114800785945
1120,2023-04-13,5.325974938188467e-06,0.0004501770929465704
1121,2023-04-14,-6.127192873262098e-06,0.0003967420355247177
1122,2023-04-17,1.73374562072636e-05,0.00035815376157377165
1123,2023-04-18,-3.523092326149537e-05,0.00042673653623423577
1124,2023-04-19,-2.1375653098043017e-05,0.0004903128591569436
1125,2023-04-20,-9.381402528637973e-05,0.0015651832242673728
1126,2023-04-21,8.434067135060372e-06,0.0005941850924735521
1127,2023-04-24,-1.4350593262287556e-05,0.00048703832127136966
1128,2023-04-25,1.4522380628721684e-05,0.000891521115968422
1129,2023-04-26,-2.7767223704937624e-05,0.0006548961020327052
1130,2023-04-27,0.0001285447518335118,0.000994738105098792
1131,2023-04-28,2.8816984451074043e-06,0.0006925477257047669
1132,2023-05-01,-8.4422156673184e-06,0.0005568453368959106
1133,2023-05-02,-7.030738191371807e-05,0.0006350472344535681
1134,2023-05-03,2.189153828451726e-05,0.0006270653718678222
1135,2023-05-04,-4.2748157442998944e-05,0.0005300899308082554
1136,2023-05-05,3.355092226227525e-05,0.0005110958674561106
1137,2023-05-08,1.3744950043556696e-07,0.0005247827032084749
1138,2023-05-09,-1.8251328123169862e-05,0.00046908754434717945
1139,2023-05-10,3.531409665903858e-06,0.0004931376954665259
1140,2023-05-11,-2.626080498555833e-06,0.0004514998046130506
1141,2023-05-12,1.4320457314195507e-06,0.0003687101876787388
1142,2023-05-15,-5.643398723663797e-05,0.0004532146135201116
1143,2023-05-16,-5.053602552929844e-05,0.0005573053724562894
1144,2023-05-17,8.624268315181467e-06,0.0004601824296706423
1145,2023-05-18,-2.7070134023401915e-06,0.0005092048109577742
1146,2023-05-19,-6.280368047284995e-06,0.00047603930454627084
1147,2023-05-22,-6.292678348791146e-06,0.0004838033493656224
1148,2023-05-23,2.0084535034420972e-05,0.0006275852876326166
1149,2023-05-24,-2.6186763273172656e-05,0.0005029884891308168
1150,2023-05-25,-7.568785401394643e-05,0.000986501895793959
1151,2023-05-26,1.33774906661898e-05,0.0005603333405694855
1152,2023-05-30,-7.208768614458747e-06,0.0005059710474819504
1153,2023-05-31,5.471663176801932e-05,0.000627555393805533
1154,2023-06-01,5.5251259780369965e-06,0.000523057259956038
1155,2023-06-02,-8.128486098204152e-05,0.002106539543651162
1156,2023-06-05,-9.493166434366421e-06,0.0007287038634927766
1157,2023-06-06,1.7929866941324156e-05,0.0005076259872079012
1158,2023-06-07,4.261304364200317e-05,0.0004388255349747732
1159,2023-06-08,1.097517827560866e-05,0.00043262512993407615
1160,2023-06-09,3.017663181518738e-06,0.0004978802575386946
1161,2023-06-12,1.0902045896430865e-05,0.0003965678588077879
1162,2023-06-13,-8.540418474579448e-06,0.0004794608846957045
1163,2023-06-14,1.745923250312286e-05,0.0005976353301835537
1164,2023-06-15,5.126604173412914e-05,0.0004672450436350032
1165,2023-06-16,1.5247981998615953e-06,0.00048701595361412
1166,2023-06-20,-4.779787839718047e-05,0.0008805180454570306
1167,2023-06-21,2.935355134575946e-06,0.0005351106874892816
1168,2023-06-22,2.2244180873158144e-06,0.0003965376646561759
1169,2023-06-23,-2.579829434669662e-05,0.0003814923929215019
1170,2023-06-26,4.5203504467921986e-05,0.0004428130666961841
1171,2023-06-27,2.9457794544854246e-05,0.0005899337928371091
1172,2023-06-28,2.0697962717535914e-05,0.0004074170883942254
1173,2023-06-29,1.0872454869335925e-05,0.0004629031602273324
1174,2023-06-30,1.3566311992040394e-05,0.00041614129555291593
1175,2023-07-03,6.253190510510182e-06,0.0003336605168907868
1176,2023-07-05,1.3128041125609253e-05,0.0004318747694454296
1177,2023-07-06,-2.3248281692562215e-05,0.0004987604534248457
1178,2023-07-07,-8.555437422398785e-05,0.0012748516118252131
1179,2023-07-10,-5.3982990391974546e-05,0.0005495105045339541
1180,2023-07-11,-1.0865456305054428e-05,0.00044778582228898297
1181,2023-07-12,-9.415870883438624e-06,0.0005019331828235612
1182,2023-07-13,-1.7591324419283695e-05,0.0004853107043223577
1183,2023-07-14,-4.5760474361103636e-05,0.0006068553077330244
1184,2023-07-17,-0.00019950074370241605,0.001179355173312764
1185,2023-07-18,6.544627147362587e-05,0.001459141679946583
1186,2023-07-19,0.0001350225352576436,0.002293259302841495
1187,2023-07-20,-2.484003101632926e-05,0.0006175806267764312
1188,2023-07-21,1.8741379198736144e-05,0.0005193706815743993
1189,2023-07-24,7.507152424993909e-06,0.0008113154760880663
1190,2023-07-25,2.1775725204874882e-05,0.001493559027815654
1191,2023-07-26,7.625221558640453e-06,0.0010237454573233632
1192,2023-07-27,-6.1005354934767025e-05,0.0006018491961277438
1193,2023-07-28,3.74014471214104e-05,0.0006517974138555505
1194,2023-07-31,5.360942297943986e-06,0.0004294271225153388
1195,2023-08-01,-5.0747544111005926e-05,0.0005152532913611312
1196,2023-08-02,-9.113472741635127e-06,0.00046350348033831707
1197,2023-08-03,-1.872830946140079e-05,0.000633692528396019
1198,2023-08-04,-3.37899755660123e-05,0.0005774469214452142
1199,2023-08-07,-7.725302322744175e-06,0.0005390239679130058
1200,2023-08-08,2.4856672361650045e-06,0.0004947410587121167
1201,2023-08-09,1.1913824229529595e-05,0.0005073433473808689
1202,2023-08-10,2.3573148217739348e-05,0.0005725243389999981
1203,2023-08-11,2.8602734086132672e-05,0.0004448928355582569
1204,2023-08-14,1.400228692717936e-05,0.0005216483777344869
1205,2023-08-15,-2.3679324564314926e-05,0.00048127976651424296
1206,2023-08-16,1.6626417176899204e-06,0.0004921513543923833
1207,2023-08-17,-1.685135412176968e-05,0.0005666713213601082
1208,2023-08-18,1.1366359885976146e-05,0.000532573770872166
1209,2023-08-21,-1.5781509917194925e-05,0.0004531077867909489
1210,2023-08-22,1.640164462219873e-05,0.0005131133563802308
1211,2023-08-23,1.1960180389458875e-07,0.0004897290555711151
1212,2023-08-24,1.3978733293810072e-05,0.0004790060637172985
1213,2023-08-25,-2.1696734543570818e-06,0.0005218589328459163
1214,2023-08-28,1.546102329256052e-05,0.0005106673431917306
1215,2023-08-29,8.723101954868616e-05,0.0009424382836009661
1216,2023-08-30,-4.668106883676356e-06,0.0005279710042341868
1217,2023-08-31,2.5228961692531795e-05,0.0006084007716089689
1218,2023-09-01,-8.747086801773253e-06,0.00035887934272507325
1219,2023-09-05,-4.1411600336156235e-05,0.0004747141975601512
1220,2023-09-06,-8.770081374460927e-06,0.0006576859003931936
1221,2023-09-07,-2.9265442097285736e-05,0.0005650592701531399
1222,2023-09-08,-2.5001921992717633e-05,0.0005706142670997429
1223,2023-09-11,3.746866202724538e-05,0.0006186856632882958
1224,2023-09-12,6.149814204826513e-06,0.0004799761273078578
1225,2023-09-13,-1.268353432152191e-05,0.0005624181009636574
1226,2023-09-14,1.3811008620773854e-05,0.0006591921475938267
1227,2023-09-15,-1.8031036001151568e-05,0.00047204580981348524
1228,2023-09-18,-2.0470267615458103e-05,0.00043478599097480474
1229,2023-09-19,-9.835778118861775e-06,0.0005003490375188094
1230,2023-09-20,1.6387781392645406e-05,0.000797829769151567
1231,2023-09-21,-2.4384398682710735e-05,0.0005392707652607037
1232,2023-09-22,-5.401237514656477e-07,0.000679626360150484
1233,2023-09-25,-8.328651176212294e-06,0.0005670663230377091
1234,2023-09-26,-1.4136278345140129e-05,0.0006395154770122703
1235,2023-09-27,-4.575714454551964e-05,0.0005008364659373436
1236,2023-09-28,1.1986028749341254e-05,0.0005345747426702039
1237,2023-09-29,-1.0556388452331704e-05,0.0004482765375035174
1238,2023-10-02,-5.138171642438833e-05,0.0005527865800133058
1239,2023-10-03,1.7848925773920546e-05,0.0005559557253450252
1240,2023-10-04,-3.6581629116020185e-05,0.0005469951622189071
1241,2023-10-05,2.404133018213834e-05,0.0006180040380937483
1242,2023-10-06,-7.955766798140478e-05,0.0016821890085741609
1243,2023-10-09,5.037981003385509e-05,0.0005609864668683886
1244,2023-10-10,2.4892100583167505e-05,0.0005393610900573509
1245,2023-10-11,-2.3723739612020652e-05,0.0006452779511831435
1246,2023-10-12,-4.503358959342986e-05,0.0006151084393876845
1247,2023-10-13,-1.8919849477888276e-05,0.0006805535682905965
1248,2023-10-16,4.738065873134345e-05,0.0005983440741683345
1249,2023-10-17,2.2221206126241248e-05,0.0005703952521701085
1250,2023-10-18,-3.835277122406446e-05,0.0005806379593773786
1251,2023-10-19,4.3203894349197415e-05,0.0011145526466232259
1252,2023-10-20,-4.954818212030258e-07,0.0007976038291524613
1253,2023-10-23,-1.1976872283189198e-05,0.0006917796277570047
1254,2023-10-24,0.00022908048875659468,0.003042031498624665
1255,2023-10-25,-4.50497318500796e-05,0.001096871451251264
1256,2023-10-26,6.06061271019576e-05,0.000908517370222459
